Timestamp,Set_L,Act_L,Err_L,Set_R,Act_R,Err_R,Diff_LR
1772467926.0649238,1.6103363037109375,32.20672607421875,-30.596389770507812,1.6103363037109375,32.20672607421875,-30.596389770507812,0.0
1772467926.1199753,1.9098591804504395,32.20672607421875,-30.29686689376831,1.9098591804504395,32.20672607421875,-30.29686689376831,0.0
1772467926.1682324,1.9098591804504395,38.197181701660156,-36.28732252120972,1.9098591804504395,38.197181701660156,-36.28732252120972,0.0
1772467926.21479,1.9098591804504395,38.197181701660156,-36.28732252120972,1.9098591804504395,38.197181701660156,-36.28732252120972,0.0
1772467926.267253,1.9098591804504395,34.6271858215332,-32.717326641082764,1.9098591804504395,36.7271842956543,-34.81732511520386,-2.0999984741210938
1772467926.3117142,1.9098591804504395,34.6271858215332,-32.717326641082764,1.9098591804504395,36.7271842956543,-34.81732511520386,-2.0999984741210938
1772467926.3680527,1.9098591804504395,34.6271858215332,-32.717326641082764,1.9098591804504395,36.7271842956543,-34.81732511520386,-2.0999984741210938
1772467926.4179933,1.9098591804504395,28.28718376159668,-26.37732458114624,1.9098591804504395,33.43718338012695,-31.527324199676514,-5.149999618530273
1772467926.464209,1.9098591804504395,28.28718376159668,-26.37732458114624,1.9098591804504395,33.43718338012695,-31.527324199676514,-5.149999618530273
1772467926.5149539,1.9098591804504395,24.817180633544922,-22.907321453094482,1.9098591804504395,27.297183990478516,-25.387324810028076,-2.4800033569335938
1772467926.5620854,1.9098591804504395,24.817180633544922,-22.907321453094482,1.9098591804504395,27.297183990478516,-25.387324810028076,-2.4800033569335938
1772467926.621092,1.9098591804504395,22.897184371948242,-20.987325191497803,1.9098591804504395,15.207183837890625,-13.297324657440186,7.690000534057617
1772467926.6697037,1.9098591804504395,22.897184371948242,-20.987325191497803,1.9098591804504395,15.207183837890625,-13.297324657440186,7.690000534057617
1772467926.7181945,1.9098591804504395,22.897184371948242,-20.987325191497803,1.9098591804504395,15.207183837890625,-13.297324657440186,7.690000534057617
1772467926.7661514,1.9098591804504395,24.047182083129883,-22.137322902679443,1.9098591804504395,14.957184791564941,-13.047325611114502,9.089997291564941
1772467926.8146672,1.9098591804504395,24.047182083129883,-22.137322902679443,1.9098591804504395,14.957184791564941,-13.047325611114502,9.089997291564941
1772467926.861812,1.9098591804504395,25.257183074951172,-23.347323894500732,1.9098591804504395,28.647184371948242,-26.737325191497803,-3.3900012969970703
1772467926.9156513,1.9098591804504395,25.257183074951172,-23.347323894500732,1.9098591804504395,28.647184371948242,-26.737325191497803,-3.3900012969970703
1772467926.969903,1.9098591804504395,25.19718360900879,-23.28732442855835,1.9098591804504395,31.567182540893555,-29.657323360443115,-6.369998931884766
1772467927.0181315,1.9098591804504395,25.19718360900879,-23.28732442855835,1.9098591804504395,31.567182540893555,-29.657323360443115,-6.369998931884766
1772467927.0659733,1.9098591804504395,25.19718360900879,-23.28732442855835,1.9098591804504395,31.567182540893555,-29.657323360443115,-6.369998931884766
1772467927.1110222,1.9098591804504395,13.437182426452637,-11.527323246002197,1.9098591804504395,28.667184829711914,-26.757325649261475,-15.230002403259277
1772467927.1617045,1.9098591804504395,13.437182426452637,-11.527323246002197,1.9098591804504395,28.667184829711914,-26.757325649261475,-15.230002403259277
1772467927.2181973,1.9098591804504395,7.487184047698975,-5.577324867248535,1.9098591804504395,19.977184295654297,-18.067325115203857,-12.490000247955322
1772467927.268158,1.9098591804504395,7.487184047698975,-5.577324867248535,1.9098591804504395,19.977184295654297,-18.067325115203857,-12.490000247955322
1772467927.3164816,1.9098591804504395,22.077186584472656,-20.167327404022217,1.9098591804504395,4.017184257507324,-2.1073250770568848,18.060002326965332
1772467927.3644986,1.9098591804504395,22.077186584472656,-20.167327404022217,1.9098591804504395,4.017184257507324,-2.1073250770568848,18.060002326965332
1772467927.4113603,1.9098591804504395,22.077186584472656,-20.167327404022217,1.9098591804504395,4.017184257507324,-2.1073250770568848,18.060002326965332
1772467927.4739513,1.9098591804504395,29.587181091308594,-27.677321910858154,1.9098591804504395,28.527183532714844,-26.617324352264404,1.05999755859375
1772467927.5185,1.9098591804504395,29.587181091308594,-27.677321910858154,1.9098591804504395,28.527183532714844,-26.617324352264404,1.05999755859375
1772467927.5683029,1.9098591804504395,29.587181091308594,-27.677321910858154,1.9098591804504395,28.527183532714844,-26.617324352264404,1.05999755859375
1772467927.6146898,1.9098591804504395,22.687185287475586,-20.777326107025146,1.9098591804504395,31.80718231201172,-29.89732313156128,-9.119997024536133
1772467927.6654518,1.9098591804504395,22.687185287475586,-20.777326107025146,1.9098591804504395,31.80718231201172,-29.89732313156128,-9.119997024536133
1772467927.7117448,1.9098591804504395,18.16718292236328,-16.257323741912842,1.9098591804504395,29.707183837890625,-27.797324657440186,-11.540000915527344
1772467927.7639484,1.9098591804504395,18.16718292236328,-16.257323741912842,1.9098591804504395,29.707183837890625,-27.797324657440186,-11.540000915527344
1772467927.818097,1.9098591804504395,18.817184448242188,-16.907325267791748,1.9098591804504395,24.127182006835938,-22.217322826385498,-5.30999755859375
1772467927.8680422,1.9098591804504395,18.817184448242188,-16.907325267791748,1.9098591804504395,24.127182006835938,-22.217322826385498,-5.30999755859375
1772467927.9175508,1.9098591804504395,21.1071834564209,-19.19732427597046,1.9098591804504395,7.177183628082275,-5.267324447631836,13.929999828338623
1772467927.9569752,1.9098591804504395,21.1071834564209,-19.19732427597046,1.9098591804504395,7.177183628082275,-5.267324447631836,13.929999828338623
1772467928.0128262,1.9098591804504395,21.1071834564209,-19.19732427597046,1.9098591804504395,7.177183628082275,-5.267324447631836,13.929999828338623
1772467928.062753,1.9098591804504395,23.727182388305664,-21.817323207855225,1.9098591804504395,24.16718292236328,-22.257323741912842,-0.4400005340576172
1772467928.1147134,1.9098591804504395,23.727182388305664,-21.817323207855225,1.9098591804504395,24.16718292236328,-22.257323741912842,-0.4400005340576172
1772467928.1664057,1.9098591804504395,23.80718421936035,-21.897325038909912,1.9098591804504395,30.327184677124023,-28.417325496673584,-6.520000457763672
1772467928.2123768,1.9098591804504395,23.80718421936035,-21.897325038909912,1.9098591804504395,30.327184677124023,-28.417325496673584,-6.520000457763672
1772467928.267071,1.9098591804504395,23.80718421936035,-21.897325038909912,1.9098591804504395,30.327184677124023,-28.417325496673584,-6.520000457763672
1772467928.3116374,1.9098591804504395,13.507183074951172,-11.597323894500732,1.9098591804504395,31.047182083129883,-29.137322902679443,-17.53999900817871
1772467928.3657975,1.9098591804504395,13.507183074951172,-11.597323894500732,1.9098591804504395,31.047182083129883,-29.137322902679443,-17.53999900817871
1772467928.4183838,1.9098591804504395,13.507183074951172,-11.597323894500732,1.9098591804504395,31.047182083129883,-29.137322902679443,-17.53999900817871
1772467928.4657955,1.9098591804504395,15.257184028625488,-13.347324848175049,1.9098591804504395,12.307183265686035,-10.397324085235596,2.950000762939453
1772467928.5150328,1.9098591804504395,15.257184028625488,-13.347324848175049,1.9098591804504395,12.307183265686035,-10.397324085235596,2.950000762939453
1772467928.5608568,1.9098591804504395,15.257184028625488,-13.347324848175049,1.9098591804504395,12.307183265686035,-10.397324085235596,2.950000762939453
1772467928.6136668,1.9098591804504395,29.267183303833008,-27.35732412338257,1.9098591804504395,16.767183303833008,-14.857324123382568,12.5
1772467928.6680784,1.9098591804504395,29.267183303833008,-27.35732412338257,1.9098591804504395,16.767183303833008,-14.857324123382568,12.5
1772467928.7181156,1.9098591804504395,28.177183151245117,-26.267323970794678,1.9098591804504395,28.3571834564209,-26.44732427597046,-0.18000030517578125
1772467928.7644496,1.9098591804504395,28.177183151245117,-26.267323970794678,1.9098591804504395,28.3571834564209,-26.44732427597046,-0.18000030517578125
1772467928.8149679,1.9098591804504395,28.177183151245117,-26.267323970794678,1.9098591804504395,28.3571834564209,-26.44732427597046,-0.18000030517578125
1772467928.862681,1.9098591804504395,18.327184677124023,-16.417325496673584,1.9098591804504395,30.94718360900879,-29.03732442855835,-12.619998931884766
1772467928.9153755,1.9098591804504395,18.327184677124023,-16.417325496673584,1.9098591804504395,30.94718360900879,-29.03732442855835,-12.619998931884766
1772467928.9681208,1.9098591804504395,18.16718292236328,-16.257323741912842,1.9098591804504395,27.227184295654297,-25.317325115203857,-9.060001373291016
1772467929.018321,1.9098591804504395,18.16718292236328,-16.257323741912842,1.9098591804504395,27.227184295654297,-25.317325115203857,-9.060001373291016
1772467929.065038,1.9098591804504395,18.16718292236328,-16.257323741912842,1.9098591804504395,27.227184295654297,-25.317325115203857,-9.060001373291016
1772467929.1146922,1.9098591804504395,21.557186126708984,-19.647326946258545,1.9098591804504395,4.927183151245117,-3.0173239707946777,16.630002975463867
1772467929.1616232,1.9098591804504395,21.557186126708984,-19.647326946258545,1.9098591804504395,4.927183151245117,-3.0173239707946777,16.630002975463867
1772467929.2156744,1.9098591804504395,24.127182006835938,-22.217322826385498,1.9098591804504395,17.12718391418457,-15.21732473373413,6.999998092651367
1772467929.2648206,1.9098591804504395,24.127182006835938,-22.217322826385498,1.9098591804504395,17.12718391418457,-15.21732473373413,6.999998092651367
1772467929.3148084,1.9098591804504395,24.127182006835938,-22.217322826385498,1.9098591804504395,17.12718391418457,-15.21732473373413,6.999998092651367
1772467929.3629785,1.9098591804504395,21.897184371948242,-19.987325191497803,1.9098591804504395,31.297183990478516,-29.387324810028076,-9.399999618530273
1772467929.4095361,1.9098591804504395,21.897184371948242,-19.987325191497803,1.9098591804504395,31.297183990478516,-29.387324810028076,-9.399999618530273
1772467929.4695141,1.9098591804504395,10.867182731628418,-8.957323551177979,1.9098591804504395,30.80718421936035,-28.897325038909912,-19.940001487731934
1772467929.5159876,1.9098591804504395,10.867182731628418,-8.957323551177979,1.9098591804504395,30.80718421936035,-28.897325038909912,-19.940001487731934
1772467929.5696397,1.9098591804504395,8.457182884216309,-6.547323703765869,1.9098591804504395,26.597183227539062,-24.687324047088623,-18.140000343322754
1772467929.6163783,1.9098591804504395,8.457182884216309,-6.547323703765869,1.9098591804504395,26.597183227539062,-24.687324047088623,-18.140000343322754
1772467929.6627965,1.9098591804504395,8.457182884216309,-6.547323703765869,1.9098591804504395,26.597183227539062,-24.687324047088623,-18.140000343322754
1772467929.7093604,1.9098591804504395,28.127185821533203,-26.217326641082764,1.9098591804504395,4.957183361053467,-3.0473241806030273,23.170002460479736
1772467929.761665,1.9098591804504395,28.127185821533203,-26.217326641082764,1.9098591804504395,4.957183361053467,-3.0473241806030273,23.170002460479736
1772467929.8180315,1.9098591804504395,29.087182998657227,-27.177323818206787,1.9098591804504395,14.187183380126953,-12.277324199676514,14.899999618530273
1772467929.868202,1.9098591804504395,29.087182998657227,-27.177323818206787,1.9098591804504395,14.187183380126953,-12.277324199676514,14.899999618530273
1772467929.9141948,1.9098591804504395,24.587182998657227,-22.677323818206787,1.9098591804504395,29.337182998657227,-27.427323818206787,-4.75
1772467929.9661283,1.9098591804504395,24.587182998657227,-22.677323818206787,1.9098591804504395,29.337182998657227,-27.427323818206787,-4.75
1772467930.012606,1.9098591804504395,24.587182998657227,-22.677323818206787,1.9098591804504395,29.337182998657227,-27.427323818206787,-4.75
1772467930.064736,1.9098591804504395,18.28718376159668,-16.37732458114624,1.9098591804504395,31.117183685302734,-29.207324504852295,-12.829999923706055
1772467930.1183443,1.9098591804504395,18.28718376159668,-16.37732458114624,1.9098591804504395,31.117183685302734,-29.207324504852295,-12.829999923706055
1772467930.1680808,1.9098591804504395,19.01718521118164,-17.1073260307312,1.9098591804504395,27.637184143066406,-25.727324962615967,-8.619998931884766
1772467930.2105527,1.9098591804504395,19.01718521118164,-17.1073260307312,1.9098591804504395,27.637184143066406,-25.727324962615967,-8.619998931884766
1772467930.2697196,1.9098591804504395,21.727184295654297,-19.817325115203857,1.9098591804504395,11.837183952331543,-9.927324771881104,9.890000343322754
1772467930.3116496,1.9098591804504395,21.727184295654297,-19.817325115203857,1.9098591804504395,11.837183952331543,-9.927324771881104,9.890000343322754
1772467930.3662908,1.9098591804504395,21.727184295654297,-19.817325115203857,1.9098591804504395,11.837183952331543,-9.927324771881104,9.890000343322754
1772467930.4148138,1.9098591804504395,24.537181854248047,-22.627322673797607,1.9098591804504395,11.5471830368042,-9.63732385635376,12.989998817443848
1772467930.4672122,1.9098591804504395,24.537181854248047,-22.627322673797607,1.9098591804504395,11.5471830368042,-9.63732385635376,12.989998817443848
1772467930.5069556,1.9098591804504395,24.537181854248047,-22.627322673797607,1.9098591804504395,11.5471830368042,-9.63732385635376,12.989998817443848
1772467930.5692546,1.9098591804504395,23.55718231201172,-21.64732313156128,1.9098591804504395,31.547183990478516,-29.637324810028076,-7.990001678466797
1772467930.6117992,1.9098591804504395,23.55718231201172,-21.64732313156128,1.9098591804504395,31.547183990478516,-29.637324810028076,-7.990001678466797
1772467930.669994,1.9098591804504395,16.457181930541992,-14.547322750091553,1.9098591804504395,31.64718246459961,-29.73732328414917,-15.190000534057617
1772467930.71983,1.9098591804504395,16.457181930541992,-14.547322750091553,1.9098591804504395,31.64718246459961,-29.73732328414917,-15.190000534057617
1772467930.7647936,1.9098591804504395,16.457181930541992,-14.547322750091553,1.9098591804504395,31.64718246459961,-29.73732328414917,-15.190000534057617
1772467930.8156815,1.9098591804504395,16.377182006835938,-14.467322826385498,1.9098591804504395,21.30718421936035,-19.397325038909912,-4.930002212524414
1772467930.8700075,1.9098591804504395,16.377182006835938,-14.467322826385498,1.9098591804504395,21.30718421936035,-19.397325038909912,-4.930002212524414
1772467930.9137,1.9098591804504395,16.377182006835938,-14.467322826385498,1.9098591804504395,21.30718421936035,-19.397325038909912,-4.930002212524414
1772467930.9697006,1.9098591804504395,30.047182083129883,-28.137322902679443,1.9098591804504395,3.107182741165161,-1.1973235607147217,26.93999934196472
1772467931.018283,1.9098591804504395,30.047182083129883,-28.137322902679443,1.9098591804504395,3.107182741165161,-1.1973235607147217,26.93999934196472
1772467931.0647302,1.9098591804504395,30.047182083129883,-28.137322902679443,1.9098591804504395,3.107182741165161,-1.1973235607147217,26.93999934196472
1772467931.1167314,1.9098591804504395,27.71718406677246,-25.80732488632202,1.9098591804504395,29.407184600830078,-27.49732542037964,-1.6900005340576172
1772467931.1692164,1.9098591804504395,27.71718406677246,-25.80732488632202,1.9098591804504395,29.407184600830078,-27.49732542037964,-1.6900005340576172
1772467931.2136836,1.9098591804504395,27.71718406677246,-25.80732488632202,1.9098591804504395,29.407184600830078,-27.49732542037964,-1.6900005340576172
1772467931.2646973,1.9098591804504395,20.027183532714844,-18.117324352264404,1.9098591804504395,31.55718231201172,-29.64732313156128,-11.529998779296875
1772467931.3182607,1.9098591804504395,20.027183532714844,-18.117324352264404,1.9098591804504395,31.55718231201172,-29.64732313156128,-11.529998779296875
1772467931.3616335,1.9098591804504395,17.87718391418457,-15.96732473373413,1.9098591804504395,27.617183685302734,-25.707324504852295,-9.739999771118164
1772467931.4182577,1.9098591804504395,17.87718391418457,-15.96732473373413,1.9098591804504395,27.617183685302734,-25.707324504852295,-9.739999771118164
1772467931.4697142,1.9098591804504395,21.14718246459961,-19.23732328414917,1.9098591804504395,11.62718391418457,-9.71732473373413,9.519998550415039
1772467931.5681236,1.9098591804504395,21.14718246459961,-19.23732328414917,1.9098591804504395,11.62718391418457,-9.71732473373413,9.519998550415039
1772467931.616266,1.9098591804504395,24.14718246459961,-22.23732328414917,1.9098591804504395,11.347182273864746,-9.437323093414307,12.800000190734863
1772467931.6630895,1.9098591804504395,24.14718246459961,-22.23732328414917,1.9098591804504395,11.347182273864746,-9.437323093414307,12.800000190734863
1772467931.710691,1.9098591804504395,24.14718246459961,-22.23732328414917,1.9098591804504395,11.347182273864746,-9.437323093414307,12.800000190734863
1772467931.7633362,1.9098591804504395,22.947185516357422,-21.037326335906982,1.9098591804504395,31.347185134887695,-29.437325954437256,-8.399999618530273
1772467931.8178399,1.9098591804504395,22.947185516357422,-21.037326335906982,1.9098591804504395,31.347185134887695,-29.437325954437256,-8.399999618530273
1772467931.864694,1.9098591804504395,14.807183265686035,-12.897324085235596,1.9098591804504395,31.237184524536133,-29.327325344085693,-16.430001258850098
1772467931.915166,1.9098591804504395,14.807183265686035,-12.897324085235596,1.9098591804504395,31.237184524536133,-29.327325344085693,-16.430001258850098
1772467931.9565825,1.9098591804504395,14.807183265686035,-12.897324085235596,1.9098591804504395,31.237184524536133,-29.327325344085693,-16.430001258850098
1772467932.0118008,1.9098591804504395,18.347183227539062,-16.437324047088623,1.9098591804504395,18.387184143066406,-16.477324962615967,-0.04000091552734375
1772467932.0664783,1.9098591804504395,18.347183227539062,-16.437324047088623,1.9098591804504395,18.387184143066406,-16.477324962615967,-0.04000091552734375
1772467932.1180792,1.9098591804504395,25.547183990478516,-23.637324810028076,1.9098591804504395,5.3471832275390625,-3.437324047088623,20.200000762939453
1772467932.1648135,1.9098591804504395,25.547183990478516,-23.637324810028076,1.9098591804504395,5.3471832275390625,-3.437324047088623,20.200000762939453
1772467932.2150676,1.9098591804504395,25.547183990478516,-23.637324810028076,1.9098591804504395,5.3471832275390625,-3.437324047088623,20.200000762939453
1772467932.2696748,1.9098591804504395,27.71718406677246,-25.80732488632202,1.9098591804504395,25.947181701660156,-24.037322521209717,1.7700023651123047
1772467932.313612,1.9098591804504395,27.71718406677246,-25.80732488632202,1.9098591804504395,25.947181701660156,-24.037322521209717,1.7700023651123047
1772467932.369654,1.9098591804504395,23.817182540893555,-21.907323360443115,1.9098591804504395,30.667184829711914,-28.757325649261475,-6.850002288818359
1772467932.4186745,1.9098591804504395,23.817182540893555,-21.907323360443115,1.9098591804504395,30.667184829711914,-28.757325649261475,-6.850002288818359
1772467932.4622054,1.9098591804504395,23.817182540893555,-21.907323360443115,1.9098591804504395,30.667184829711914,-28.757325649261475,-6.850002288818359
1772467932.5179935,1.9098591804504395,17.487184524536133,-15.577325344085693,1.9098591804504395,28.71718406677246,-26.80732488632202,-11.229999542236328
1772467932.5617588,1.9098591804504395,17.487184524536133,-15.577325344085693,1.9098591804504395,28.71718406677246,-26.80732488632202,-11.229999542236328
1772467932.6154096,1.9098591804504395,19.897184371948242,-17.987325191497803,1.9098591804504395,17.24718475341797,-15.33732557296753,2.6499996185302734
1772467932.66998,1.9098591804504395,19.897184371948242,-17.987325191497803,1.9098591804504395,17.24718475341797,-15.33732557296753,2.6499996185302734
1772467932.7181203,1.9098591804504395,21.47718620300293,-19.56732702255249,1.9098591804504395,4.987183570861816,-3.077324390411377,16.490002632141113
1772467932.7596717,1.9098591804504395,21.47718620300293,-19.56732702255249,1.9098591804504395,4.987183570861816,-3.077324390411377,16.490002632141113
1772467932.809982,1.9098591804504395,21.47718620300293,-19.56732702255249,1.9098591804504395,4.987183570861816,-3.077324390411377,16.490002632141113
1772467932.8624961,1.9098591804504395,23.917184829711914,-22.007325649261475,1.9098591804504395,26.80718421936035,-24.897325038909912,-2.8899993896484375
1772467932.9182384,1.9098591804504395,23.917184829711914,-22.007325649261475,1.9098591804504395,26.80718421936035,-24.897325038909912,-2.8899993896484375
1772467932.9684207,1.9098591804504395,24.007183074951172,-22.097323894500732,1.9098591804504395,31.047183990478516,-29.137324810028076,-7.040000915527344
1772467933.0110948,1.9098591804504395,24.007183074951172,-22.097323894500732,1.9098591804504395,31.047183990478516,-29.137324810028076,-7.040000915527344
1772467933.0567822,1.9098591804504395,24.007183074951172,-22.097323894500732,1.9098591804504395,31.047183990478516,-29.137324810028076,-7.040000915527344
1772467933.1114326,1.9098591804504395,18.957183837890625,-17.047324657440186,1.9098591804504395,31.427183151245117,-29.517323970794678,-12.469999313354492
1772467933.1612027,1.9098591804504395,18.957183837890625,-17.047324657440186,1.9098591804504395,31.427183151245117,-29.517323970794678,-12.469999313354492
1772467933.2118394,1.9098591804504395,19.19718360900879,-17.28732442855835,1.9098591804504395,31.39718246459961,-29.48732328414917,-12.19999885559082
1772467933.2564993,1.9098591804504395,19.19718360900879,-17.28732442855835,1.9098591804504395,31.39718246459961,-29.48732328414917,-12.19999885559082
1772467933.3116038,1.9098591804504395,19.19718360900879,-17.28732442855835,1.9098591804504395,31.39718246459961,-29.48732328414917,-12.19999885559082
1772467933.3613472,1.9098591804504395,19.19718360900879,-17.28732442855835,1.9098591804504395,31.39718246459961,-29.48732328414917,-12.19999885559082
1772467933.407068,1.9098591804504395,19.19718360900879,-17.28732442855835,1.9098591804504395,31.39718246459961,-29.48732328414917,-12.19999885559082
1772467933.462511,1.9098591804504395,19.19718360900879,-17.28732442855835,1.9098591804504395,31.39718246459961,-29.48732328414917,-12.19999885559082
1772467933.5067267,1.9098591804504395,19.19718360900879,-17.28732442855835,1.9098591804504395,31.39718246459961,-29.48732328414917,-12.19999885559082
1772467933.561223,1.9098591804504395,19.19718360900879,-17.28732442855835,1.9098591804504395,31.39718246459961,-29.48732328414917,-12.19999885559082
1772467933.611003,1.9098591804504395,19.19718360900879,-17.28732442855835,1.9098591804504395,31.39718246459961,-29.48732328414917,-12.19999885559082
1772467933.656565,1.9098591804504395,19.19718360900879,-17.28732442855835,1.9098591804504395,31.39718246459961,-29.48732328414917,-12.19999885559082
1772467933.7108066,1.9098591804504395,19.19718360900879,-17.28732442855835,1.9098591804504395,31.39718246459961,-29.48732328414917,-12.19999885559082
1772467933.7611246,1.9098591804504395,19.19718360900879,-17.28732442855835,1.9098591804504395,31.39718246459961,-29.48732328414917,-12.19999885559082
1772467933.8129563,1.9098591804504395,19.19718360900879,-17.28732442855835,1.9098591804504395,31.39718246459961,-29.48732328414917,-12.19999885559082
1772467933.8566973,1.9098591804504395,19.19718360900879,-17.28732442855835,1.9098591804504395,31.39718246459961,-29.48732328414917,-12.19999885559082
1772467933.9111516,1.9098591804504395,19.19718360900879,-17.28732442855835,1.9098591804504395,31.39718246459961,-29.48732328414917,-12.19999885559082
1772467933.9627073,1.9098591804504395,19.19718360900879,-17.28732442855835,1.9098591804504395,31.39718246459961,-29.48732328414917,-12.19999885559082
1772467934.016712,1.9098591804504395,19.19718360900879,-17.28732442855835,1.9098591804504395,31.39718246459961,-29.48732328414917,-12.19999885559082
1772467934.0722528,1.9098591804504395,19.19718360900879,-17.28732442855835,1.9098591804504395,31.39718246459961,-29.48732328414917,-12.19999885559082
1772467934.1197057,1.9098591804504395,17.30718421936035,-15.397325038909912,1.9098591804504395,31.6071834564209,-29.69732427597046,-14.299999237060547
1772467934.168361,1.9098591804504395,17.30718421936035,-15.397325038909912,1.9098591804504395,31.6071834564209,-29.69732427597046,-14.299999237060547
1772467934.2159781,1.9098591804504395,17.30718421936035,-15.397325038909912,1.9098591804504395,31.6071834564209,-29.69732427597046,-14.299999237060547
1772467934.264046,1.9098591804504395,18.2371826171875,-16.32732343673706,1.9098591804504395,18.157184600830078,-16.24732542037964,0.07999801635742188
1772467934.3105438,1.9098591804504395,18.2371826171875,-16.32732343673706,1.9098591804504395,18.157184600830078,-16.24732542037964,0.07999801635742188
1772467934.3617275,1.9098591804504395,17.147186279296875,-15.237327098846436,1.9098591804504395,25.307180404663086,-23.397321224212646,-8.159994125366211
1772467934.4181397,1.9098591804504395,17.147186279296875,-15.237327098846436,1.9098591804504395,25.307180404663086,-23.397321224212646,-8.159994125366211
1772467934.4681325,1.9098591804504395,23.707181930541992,-21.797322750091553,1.9098591804504395,21.637184143066406,-19.727324962615967,2.069997787475586
1772467934.5173616,1.9098591804504395,23.707181930541992,-21.797322750091553,1.9098591804504395,21.637184143066406,-19.727324962615967,2.069997787475586
1772467934.5659814,1.9098591804504395,23.707181930541992,-21.797322750091553,1.9098591804504395,21.637184143066406,-19.727324962615967,2.069997787475586
1772467934.6117103,1.9098591804504395,28.017183303833008,-26.10732412338257,1.9098591804504395,-2.7728166580200195,4.682675838470459,30.789999961853027
1772467934.6673515,1.9098591804504395,28.017183303833008,-26.10732412338257,1.9098591804504395,-2.7728166580200195,4.682675838470459,30.789999961853027
1772467934.7182307,1.9098591804504395,23.387184143066406,-21.477324962615967,1.9098591804504395,21.49718475341797,-19.58732557296753,1.8899993896484375
1772467934.764742,1.9098591804504395,23.387184143066406,-21.477324962615967,1.9098591804504395,21.49718475341797,-19.58732557296753,1.8899993896484375
1772467934.813403,1.9098591804504395,23.387184143066406,-21.477324962615967,1.9098591804504395,21.49718475341797,-19.58732557296753,1.8899993896484375
1772467934.868174,1.9098591804504395,16.037181854248047,-14.127322673797607,1.9098591804504395,26.067184448242188,-24.157325267791748,-10.03000259399414
1772467934.9129736,1.9098591804504395,16.037181854248047,-14.127322673797607,1.9098591804504395,26.067184448242188,-24.157325267791748,-10.03000259399414
1772467934.9680374,1.9098591804504395,16.037181854248047,-14.127322673797607,1.9098591804504395,26.067184448242188,-24.157325267791748,-10.03000259399414
1772467935.0181506,1.9098591804504395,20.177183151245117,-18.267323970794678,1.9098591804504395,1.857183814048767,0.05267536640167236,18.31999933719635
1772467935.068674,1.9098591804504395,20.177183151245117,-18.267323970794678,1.9098591804504395,1.857183814048767,0.05267536640167236,18.31999933719635
1772467935.116358,1.9098591804504395,20.177183151245117,-18.267323970794678,1.9098591804504395,1.857183814048767,0.05267536640167236,18.31999933719635
1772467935.1717198,1.9098591804504395,23.987184524536133,-22.077325344085693,1.9098591804504395,25.467182159423828,-23.55732297897339,-1.4799976348876953
1772467935.2133873,1.9098591804504395,23.987184524536133,-22.077325344085693,1.9098591804504395,25.467182159423828,-23.55732297897339,-1.4799976348876953
1772467935.2683387,1.9098591804504395,23.987184524536133,-22.077325344085693,1.9098591804504395,25.467182159423828,-23.55732297897339,-1.4799976348876953
1772467935.3181994,1.9098591804504395,18.96718406677246,-17.05732488632202,1.9098591804504395,30.487184524536133,-28.577325344085693,-11.520000457763672
1772467935.363189,1.9098591804504395,18.96718406677246,-17.05732488632202,1.9098591804504395,30.487184524536133,-28.577325344085693,-11.520000457763672
1772467935.4094186,1.9098591804504395,18.96718406677246,-17.05732488632202,1.9098591804504395,30.487184524536133,-28.577325344085693,-11.520000457763672
1772467935.4678266,1.9098591804504395,13.947182655334473,-12.037323474884033,1.9098591804504395,17.597183227539062,-15.687324047088623,-3.65000057220459
1772467935.5196354,1.9098591804504395,13.947182655334473,-12.037323474884033,1.9098591804504395,17.597183227539062,-15.687324047088623,-3.65000057220459
1772467935.5628884,1.9098591804504395,19.237184524536133,-17.327325344085693,1.9098591804504395,6.437184810638428,-4.527325630187988,12.799999713897705
1772467935.611708,1.9098591804504395,19.237184524536133,-17.327325344085693,1.9098591804504395,6.437184810638428,-4.527325630187988,12.799999713897705
1772467935.6650012,1.9098591804504395,18.99718475341797,-17.08732557296753,1.9098591804504395,6.997184753417969,-5.087325572967529,12.0
1772467935.7114637,1.9098591804504395,18.99718475341797,-17.08732557296753,1.9098591804504395,6.997184753417969,-5.087325572967529,12.0
1772467935.7611735,1.9098591804504395,18.99718475341797,-17.08732557296753,1.9098591804504395,6.997184753417969,-5.087325572967529,12.0
1772467935.8114886,1.9098591804504395,18.99718475341797,-17.08732557296753,1.9098591804504395,6.997184753417969,-5.087325572967529,12.0
1772467935.861972,1.9098591804504395,18.99718475341797,-17.08732557296753,1.9098591804504395,6.997184753417969,-5.087325572967529,12.0
1772467935.9116933,1.9098591804504395,18.99718475341797,-17.08732557296753,1.9098591804504395,6.997184753417969,-5.087325572967529,12.0
1772467935.96145,1.9098591804504395,18.99718475341797,-17.08732557296753,1.9098591804504395,6.997184753417969,-5.087325572967529,12.0
1772467936.0114503,1.9098591804504395,18.99718475341797,-17.08732557296753,1.9098591804504395,6.997184753417969,-5.087325572967529,12.0
1772467936.061733,1.9098591804504395,18.99718475341797,-17.08732557296753,1.9098591804504395,6.997184753417969,-5.087325572967529,12.0
1772467936.1114914,1.9098591804504395,18.99718475341797,-17.08732557296753,1.9098591804504395,6.997184753417969,-5.087325572967529,12.0
1772467936.1612728,1.9098591804504395,18.99718475341797,-17.08732557296753,1.9098591804504395,6.997184753417969,-5.087325572967529,12.0
1772467936.2113721,1.9098591804504395,18.99718475341797,-17.08732557296753,1.9098591804504395,6.997184753417969,-5.087325572967529,12.0
1772467936.2615924,1.9098591804504395,18.99718475341797,-17.08732557296753,1.9098591804504395,6.997184753417969,-5.087325572967529,12.0
1772467936.3126047,1.9098591804504395,18.99718475341797,-17.08732557296753,1.9098591804504395,6.997184753417969,-5.087325572967529,12.0
1772467936.3611805,1.9098591804504395,18.99718475341797,-17.08732557296753,1.9098591804504395,6.997184753417969,-5.087325572967529,12.0
1772467936.4110124,1.9098591804504395,18.99718475341797,-17.08732557296753,1.9098591804504395,6.997184753417969,-5.087325572967529,12.0
1772467936.4659326,1.9098591804504395,18.99718475341797,-17.08732557296753,1.9098591804504395,6.997184753417969,-5.087325572967529,12.0
1772467936.5132658,1.9098591804504395,18.99718475341797,-17.08732557296753,1.9098591804504395,6.997184753417969,-5.087325572967529,12.0
1772467936.5646152,1.9098591804504395,18.99718475341797,-17.08732557296753,1.9098591804504395,6.997184753417969,-5.087325572967529,12.0
1772467936.6160643,1.9098591804504395,27.187183380126953,-25.277324199676514,1.9098591804504395,19.80718421936035,-17.897325038909912,7.379999160766602
1772467936.666998,1.9098591804504395,27.187183380126953,-25.277324199676514,1.9098591804504395,19.80718421936035,-17.897325038909912,7.379999160766602
1772467936.7154446,1.9098591804504395,20.707181930541992,-18.797322750091553,1.9098591804504395,34.107181549072266,-32.197322368621826,-13.399999618530273
1772467936.7679422,1.9098591804504395,20.707181930541992,-18.797322750091553,1.9098591804504395,34.107181549072266,-32.197322368621826,-13.399999618530273
1772467936.815131,1.9098591804504395,20.707181930541992,-18.797322750091553,1.9098591804504395,34.107181549072266,-32.197322368621826,-13.399999618530273
1772467936.864913,1.9098591804504395,21.417186737060547,-19.507327556610107,1.9098591804504395,34.867183685302734,-32.957324504852295,-13.449996948242188
1772467936.910406,1.9098591804504395,21.417186737060547,-19.507327556610107,1.9098591804504395,34.867183685302734,-32.957324504852295,-13.449996948242188
1772467936.961864,1.9098591804504395,27.69718360900879,-25.78732442855835,1.9098591804504395,33.11717987060547,-31.20732069015503,-5.41999626159668
1772467937.0172446,1.9098591804504395,27.69718360900879,-25.78732442855835,1.9098591804504395,33.11717987060547,-31.20732069015503,-5.41999626159668
1772467937.0704083,1.9098591804504395,29.287181854248047,-27.377322673797607,1.9098591804504395,31.097183227539062,-29.187324047088623,-1.8100013732910156
1772467937.1168442,1.9098591804504395,29.287181854248047,-27.377322673797607,1.9098591804504395,31.097183227539062,-29.187324047088623,-1.8100013732910156
1772467937.1661193,1.9098591804504395,27.727184295654297,-25.817325115203857,1.9098591804504395,23.427183151245117,-21.517323970794678,4.30000114440918
1772467937.212612,1.9098591804504395,27.727184295654297,-25.817325115203857,1.9098591804504395,23.427183151245117,-21.517323970794678,4.30000114440918
1772467937.2669737,1.9098591804504395,27.727184295654297,-25.817325115203857,1.9098591804504395,23.427183151245117,-21.517323970794678,4.30000114440918
1772467937.3182032,1.9098591804504395,15.197183609008789,-13.28732442855835,1.9098591804504395,4.477183818817139,-2.567324638366699,10.71999979019165
1772467937.3680685,1.9098591804504395,15.197183609008789,-13.28732442855835,1.9098591804504395,4.477183818817139,-2.567324638366699,10.71999979019165
1772467937.41172,1.9098591804504395,15.197183609008789,-13.28732442855835,1.9098591804504395,4.477183818817139,-2.567324638366699,10.71999979019165
1772467937.4652958,1.9098591804504395,18.52718162536621,-16.61732244491577,1.9098591804504395,27.657184600830078,-25.74732542037964,-9.130002975463867
1772467937.5118403,1.9098591804504395,18.52718162536621,-16.61732244491577,1.9098591804504395,27.657184600830078,-25.74732542037964,-9.130002975463867
1772467937.566517,1.9098591804504395,21.54718589782715,-19.63732671737671,1.9098591804504395,32.05718231201172,-30.14732313156128,-10.50999641418457
1772467937.6181161,1.9098591804504395,21.54718589782715,-19.63732671737671,1.9098591804504395,32.05718231201172,-30.14732313156128,-10.50999641418457
1772467937.670408,1.9098591804504395,21.54718589782715,-19.63732671737671,1.9098591804504395,32.05718231201172,-30.14732313156128,-10.50999641418457
1772467937.712768,1.9098591804504395,22.657182693481445,-20.747323513031006,1.9098591804504395,29.067182540893555,-27.157323360443115,-6.409999847412109
1772467937.7620127,1.9098591804504395,22.657182693481445,-20.747323513031006,1.9098591804504395,29.067182540893555,-27.157323360443115,-6.409999847412109
1772467937.8137302,1.9098591804504395,22.657182693481445,-20.747323513031006,1.9098591804504395,29.067182540893555,-27.157323360443115,-6.409999847412109
1772467937.8703797,1.9098591804504395,13.9871826171875,-12.07732343673706,1.9098591804504395,7.567183494567871,-5.657324314117432,6.419999122619629
1772467937.9198236,1.9098591804504395,13.9871826171875,-12.07732343673706,1.9098591804504395,7.567183494567871,-5.657324314117432,6.419999122619629
1772467937.9646585,1.9098591804504395,13.9871826171875,-12.07732343673706,1.9098591804504395,7.567183494567871,-5.657324314117432,6.419999122619629
1772467938.0160198,1.9098591804504395,12.927184104919434,-11.017324924468994,1.9098591804504395,21.407184600830078,-19.49732542037964,-8.480000495910645
1772467938.0631876,1.9098591804504395,12.927184104919434,-11.017324924468994,1.9098591804504395,21.407184600830078,-19.49732542037964,-8.480000495910645
1772467938.114672,1.9098591804504395,12.927184104919434,-11.017324924468994,1.9098591804504395,21.407184600830078,-19.49732542037964,-8.480000495910645
1772467938.1664858,1.9098591804504395,29.797182083129883,-27.887322902679443,1.9098591804504395,31.087182998657227,-29.177323818206787,-1.2900009155273438
1772467938.2171555,1.9098591804504395,29.797182083129883,-27.887322902679443,1.9098591804504395,31.087182998657227,-29.177323818206787,-1.2900009155273438
1772467938.263429,1.9098591804504395,29.797182083129883,-27.887322902679443,1.9098591804504395,31.087182998657227,-29.177323818206787,-1.2900009155273438
1772467938.31026,1.9098591804504395,26.267187118530273,-24.357327938079834,1.9098591804504395,25.55718421936035,-23.647325038909912,0.7100028991699219
1772467938.36198,1.9098591804504395,26.267187118530273,-24.357327938079834,1.9098591804504395,25.55718421936035,-23.647325038909912,0.7100028991699219
1772467938.418216,1.9098591804504395,21.567184448242188,-19.657325267791748,1.9098591804504395,11.517184257507324,-9.607325077056885,10.050000190734863
1772467938.4735045,1.9098591804504395,21.567184448242188,-19.657325267791748,1.9098591804504395,11.517184257507324,-9.607325077056885,10.050000190734863
1772467938.512193,1.9098591804504395,17.597183227539062,-15.687324047088623,1.9098591804504395,4.0071821212768555,-2.097322940826416,13.590001106262207
1772467938.5653532,1.9098591804504395,17.597183227539062,-15.687324047088623,1.9098591804504395,4.0071821212768555,-2.097322940826416,13.590001106262207
1772467938.6209683,1.9098591804504395,19.05718421936035,-17.147325038909912,1.9098591804504395,26.237184524536133,-24.327325344085693,-7.180000305175781
1772467938.6665108,1.9098591804504395,19.05718421936035,-17.147325038909912,1.9098591804504395,26.237184524536133,-24.327325344085693,-7.180000305175781
1772467938.7183177,1.9098591804504395,19.05718421936035,-17.147325038909912,1.9098591804504395,26.237184524536133,-24.327325344085693,-7.180000305175781
1772467938.7630382,1.9098591804504395,23.197185516357422,-21.287326335906982,1.9098591804504395,31.077184677124023,-29.167325496673584,-7.879999160766602
1772467938.8152142,1.9098591804504395,23.197185516357422,-21.287326335906982,1.9098591804504395,31.077184677124023,-29.167325496673584,-7.879999160766602
1772467938.864473,1.9098591804504395,22.99718475341797,-21.08732557296753,1.9098591804504395,27.437183380126953,-25.527324199676514,-4.439998626708984
1772467938.912922,1.9098591804504395,22.99718475341797,-21.08732557296753,1.9098591804504395,27.437183380126953,-25.527324199676514,-4.439998626708984
1772467938.9657977,1.9098591804504395,17.74718475341797,-15.83732557296753,1.9098591804504395,8.277182579040527,-6.367323398590088,9.470002174377441
1772467939.018034,1.9098591804504395,17.74718475341797,-15.83732557296753,1.9098591804504395,8.277182579040527,-6.367323398590088,9.470002174377441
1772467939.068733,1.9098591804504395,7.28718376159668,-5.37732458114624,1.9098591804504395,1.6371848583221436,0.2726743221282959,5.649998903274536
1772467939.1139977,1.9098591804504395,7.28718376159668,-5.37732458114624,1.9098591804504395,1.6371848583221436,0.2726743221282959,5.649998903274536
1772467939.16896,1.9098591804504395,7.28718376159668,-5.37732458114624,1.9098591804504395,1.6371848583221436,0.2726743221282959,5.649998903274536
1772467939.2117658,1.9098591804504395,23.96718406677246,-22.05732488632202,1.9098591804504395,30.347183227539062,-28.437324047088623,-6.379999160766602
1772467939.2697074,1.9098591804504395,23.96718406677246,-22.05732488632202,1.9098591804504395,30.347183227539062,-28.437324047088623,-6.379999160766602
1772467939.316613,1.9098591804504395,28.867183685302734,-26.957324504852295,1.9098591804504395,31.517183303833008,-29.60732412338257,-2.6499996185302734
1772467939.3667827,1.9098591804504395,28.867183685302734,-26.957324504852295,1.9098591804504395,31.517183303833008,-29.60732412338257,-2.6499996185302734
1772467939.415393,1.9098591804504395,29.437183380126953,-27.527324199676514,1.9098591804504395,30.137184143066406,-28.227324962615967,-0.7000007629394531
1772467939.4664237,1.9098591804504395,29.437183380126953,-27.527324199676514,1.9098591804504395,30.137184143066406,-28.227324962615967,-0.7000007629394531
1772467939.5137484,1.9098591804504395,29.437183380126953,-27.527324199676514,1.9098591804504395,30.137184143066406,-28.227324962615967,-0.7000007629394531
1772467939.5665424,1.9098591804504395,22.46718406677246,-20.55732488632202,1.9098591804504395,18.437185287475586,-16.527326107025146,4.029998779296875
1772467939.6184127,1.9098591804504395,22.46718406677246,-20.55732488632202,1.9098591804504395,18.437185287475586,-16.527326107025146,4.029998779296875
1772467939.6634278,1.9098591804504395,22.46718406677246,-20.55732488632202,1.9098591804504395,18.437185287475586,-16.527326107025146,4.029998779296875
1772467939.7091246,1.9098591804504395,17.757184982299805,-15.847325801849365,1.9098591804504395,11.017182350158691,-9.107323169708252,6.740002632141113
1772467939.7704659,1.9098591804504395,17.757184982299805,-15.847325801849365,1.9098591804504395,11.017182350158691,-9.107323169708252,6.740002632141113
1772467939.8163073,1.9098591804504395,20.51718521118164,-18.6073260307312,1.9098591804504395,25.467182159423828,-23.55732297897339,-4.9499969482421875
1772467939.8731842,1.9098591804504395,20.51718521118164,-18.6073260307312,1.9098591804504395,25.467182159423828,-23.55732297897339,-4.9499969482421875
1772467939.9172046,1.9098591804504395,23.12718391418457,-21.21732473373413,1.9098591804504395,30.887184143066406,-28.977324962615967,-7.760000228881836
1772467939.964955,1.9098591804504395,23.12718391418457,-21.21732473373413,1.9098591804504395,30.887184143066406,-28.977324962615967,-7.760000228881836
1772467940.0114625,1.9098591804504395,23.12718391418457,-21.21732473373413,1.9098591804504395,30.887184143066406,-28.977324962615967,-7.760000228881836
1772467940.0656672,1.9098591804504395,20.89718246459961,-18.98732328414917,1.9098591804504395,21.777185440063477,-19.867326259613037,-0.8800029754638672
1772467940.1172693,1.9098591804504395,20.89718246459961,-18.98732328414917,1.9098591804504395,21.777185440063477,-19.867326259613037,-0.8800029754638672
1772467940.1682606,1.9098591804504395,16.37718391418457,-14.46732473373413,1.9098591804504395,4.137184143066406,-2.227324962615967,12.239999771118164
1772467940.2148907,1.9098591804504395,16.37718391418457,-14.46732473373413,1.9098591804504395,4.137184143066406,-2.227324962615967,12.239999771118164
1772467940.2683964,1.9098591804504395,11.977184295654297,-10.067325115203857,1.9098591804504395,11.2971830368042,-9.38732385635376,0.6800012588500977
1772467940.316905,1.9098591804504395,11.977184295654297,-10.067325115203857,1.9098591804504395,11.2971830368042,-9.38732385635376,0.6800012588500977
1772467940.363724,1.9098591804504395,11.977184295654297,-10.067325115203857,1.9098591804504395,11.2971830368042,-9.38732385635376,0.6800012588500977
1772467940.418241,1.9098591804504395,22.907184600830078,-20.99732542037964,1.9098591804504395,30.317182540893555,-28.407323360443115,-7.409997940063477
1772467940.470488,1.9098591804504395,22.907184600830078,-20.99732542037964,1.9098591804504395,30.317182540893555,-28.407323360443115,-7.409997940063477
1772467940.5153763,1.9098591804504395,22.907184600830078,-20.99732542037964,1.9098591804504395,30.317182540893555,-28.407323360443115,-7.409997940063477
1772467940.5654297,1.9098591804504395,27.647184371948242,-25.737325191497803,1.9098591804504395,28.137184143066406,-26.227324962615967,-0.48999977111816406
1772467940.6118293,1.9098591804504395,27.647184371948242,-25.737325191497803,1.9098591804504395,28.137184143066406,-26.227324962615967,-0.48999977111816406
1772467940.6746914,1.9098591804504395,21.727184295654297,-19.817325115203857,1.9098591804504395,15.38718318939209,-13.47732400894165,6.340001106262207
1772467940.7180698,1.9098591804504395,21.727184295654297,-19.817325115203857,1.9098591804504395,15.38718318939209,-13.47732400894165,6.340001106262207
1772467940.7696333,1.9098591804504395,18.427183151245117,-16.517323970794678,1.9098591804504395,5.28718376159668,-3.3773245811462402,13.139999389648438
1772467940.8172333,1.9098591804504395,18.427183151245117,-16.517323970794678,1.9098591804504395,5.28718376159668,-3.3773245811462402,13.139999389648438
1772467940.864843,1.9098591804504395,18.427183151245117,-16.517323970794678,1.9098591804504395,5.28718376159668,-3.3773245811462402,13.139999389648438
1772467940.9118648,1.9098591804504395,20.067182540893555,-18.157323360443115,1.9098591804504395,27.427186965942383,-25.517327785491943,-7.360004425048828
1772467940.9634507,1.9098591804504395,20.067182540893555,-18.157323360443115,1.9098591804504395,27.427186965942383,-25.517327785491943,-7.360004425048828
1772467941.018011,1.9098591804504395,23.147184371948242,-21.237325191497803,1.9098591804504395,30.597185134887695,-28.687325954437256,-7.450000762939453
1772467941.0702155,1.9098591804504395,23.147184371948242,-21.237325191497803,1.9098591804504395,30.597185134887695,-28.687325954437256,-7.450000762939453
1772467941.1139877,1.9098591804504395,23.147184371948242,-21.237325191497803,1.9098591804504395,30.597185134887695,-28.687325954437256,-7.450000762939453
1772467941.1632814,1.9098591804504395,24.047182083129883,-22.137322902679443,1.9098591804504395,24.517181396484375,-22.607322216033936,-0.4699993133544922
1772467941.2099023,1.9098591804504395,24.047182083129883,-22.137322902679443,1.9098591804504395,24.517181396484375,-22.607322216033936,-0.4699993133544922
1772467941.2616618,1.9098591804504395,20.427183151245117,-18.517323970794678,1.9098591804504395,10.517183303833008,-8.607324123382568,9.90999984741211
1772467941.310693,1.9098591804504395,20.427183151245117,-18.517323970794678,1.9098591804504395,10.517183303833008,-8.607324123382568,9.90999984741211
1772467941.3608744,1.9098591804504395,20.597183227539062,-18.687324047088623,1.9098591804504395,11.197183609008789,-9.28732442855835,9.399999618530273
1772467941.4105358,1.9098591804504395,20.597183227539062,-18.687324047088623,1.9098591804504395,11.197183609008789,-9.28732442855835,9.399999618530273
1772467941.4615576,1.9098591804504395,20.597183227539062,-18.687324047088623,1.9098591804504395,11.197183609008789,-9.28732442855835,9.399999618530273
1772467941.5106473,1.9098591804504395,20.597183227539062,-18.687324047088623,1.9098591804504395,11.197183609008789,-9.28732442855835,9.399999618530273
1772467941.5605314,1.9098591804504395,20.597183227539062,-18.687324047088623,1.9098591804504395,11.197183609008789,-9.28732442855835,9.399999618530273
1772467941.6106706,1.9098591804504395,20.597183227539062,-18.687324047088623,1.9098591804504395,11.197183609008789,-9.28732442855835,9.399999618530273
1772467941.6614823,1.9098591804504395,20.597183227539062,-18.687324047088623,1.9098591804504395,11.197183609008789,-9.28732442855835,9.399999618530273
1772467941.710536,1.9098591804504395,20.597183227539062,-18.687324047088623,1.9098591804504395,11.197183609008789,-9.28732442855835,9.399999618530273
1772467941.7606883,1.9098591804504395,20.597183227539062,-18.687324047088623,1.9098591804504395,11.197183609008789,-9.28732442855835,9.399999618530273
1772467941.8107235,1.9098591804504395,20.597183227539062,-18.687324047088623,1.9098591804504395,11.197183609008789,-9.28732442855835,9.399999618530273
1772467941.8616176,1.9098591804504395,20.597183227539062,-18.687324047088623,1.9098591804504395,11.197183609008789,-9.28732442855835,9.399999618530273
1772467941.9105096,1.9098591804504395,20.597183227539062,-18.687324047088623,1.9098591804504395,11.197183609008789,-9.28732442855835,9.399999618530273
1772467941.960535,1.9098591804504395,20.597183227539062,-18.687324047088623,1.9098591804504395,11.197183609008789,-9.28732442855835,9.399999618530273
1772467942.0107172,1.9098591804504395,20.597183227539062,-18.687324047088623,1.9098591804504395,11.197183609008789,-9.28732442855835,9.399999618530273
1772467942.0641007,1.9098591804504395,20.597183227539062,-18.687324047088623,1.9098591804504395,11.197183609008789,-9.28732442855835,9.399999618530273
1772467942.1109104,1.9098591804504395,20.597183227539062,-18.687324047088623,1.9098591804504395,11.197183609008789,-9.28732442855835,9.399999618530273
1772467942.1609225,1.9098591804504395,20.597183227539062,-18.687324047088623,1.9098591804504395,11.197183609008789,-9.28732442855835,9.399999618530273
1772467942.2110817,1.9098591804504395,20.597183227539062,-18.687324047088623,1.9098591804504395,11.197183609008789,-9.28732442855835,9.399999618530273
1772467942.270348,1.9098591804504395,20.597183227539062,-18.687324047088623,1.9098591804504395,11.197183609008789,-9.28732442855835,9.399999618530273
1772467942.318179,1.9098591804504395,18.707183837890625,-16.797324657440186,1.9098591804504395,8.047183990478516,-6.137324810028076,10.65999984741211
1772467942.3643932,1.9098591804504395,18.707183837890625,-16.797324657440186,1.9098591804504395,8.047183990478516,-6.137324810028076,10.65999984741211
1772467942.4156272,1.9098591804504395,12.917183876037598,-11.007324695587158,1.9098591804504395,30.247180938720703,-28.337321758270264,-17.329997062683105
1772467942.4625971,1.9098591804504395,12.917183876037598,-11.007324695587158,1.9098591804504395,30.247180938720703,-28.337321758270264,-17.329997062683105
1772467942.5143104,1.9098591804504395,12.917183876037598,-11.007324695587158,1.9098591804504395,30.247180938720703,-28.337321758270264,-17.329997062683105
1772467942.568046,1.9098591804504395,16.977182388305664,-15.067323207855225,1.9098591804504395,14.287184715270996,-12.377325534820557,2.689997673034668
1772467942.6181366,1.9098591804504395,16.977182388305664,-15.067323207855225,1.9098591804504395,14.287184715270996,-12.377325534820557,2.689997673034668
1772467942.6687477,1.9098591804504395,16.977182388305664,-15.067323207855225,1.9098591804504395,14.287184715270996,-12.377325534820557,2.689997673034668
1772467942.7151687,1.9098591804504395,30.02718162536621,-28.11732244491577,1.9098591804504395,19.617183685302734,-17.707324504852295,10.409997940063477
1772467942.7619085,1.9098591804504395,30.02718162536621,-28.11732244491577,1.9098591804504395,19.617183685302734,-17.707324504852295,10.409997940063477
1772467942.814401,1.9098591804504395,30.02718162536621,-28.11732244491577,1.9098591804504395,19.617183685302734,-17.707324504852295,10.409997940063477
1772467942.8704164,1.9098591804504395,26.03718376159668,-24.12732458114624,1.9098591804504395,26.7471866607666,-24.837327480316162,-0.7100028991699219
1772467942.918262,1.9098591804504395,26.03718376159668,-24.12732458114624,1.9098591804504395,26.7471866607666,-24.837327480316162,-0.7100028991699219
1772467942.9663837,1.9098591804504395,-0.05281686782836914,1.9626760482788086,1.9098591804504395,19.46718406677246,-17.55732488632202,-19.52000093460083
1772467943.0157735,1.9098591804504395,-0.05281686782836914,1.9626760482788086,1.9098591804504395,19.46718406677246,-17.55732488632202,-19.52000093460083
1772467943.0626655,1.9098591804504395,-0.05281686782836914,1.9626760482788086,1.9098591804504395,19.46718406677246,-17.55732488632202,-19.52000093460083
1772467943.1139483,1.9098591804504395,21.777183532714844,-19.867324352264404,1.9098591804504395,18.957183837890625,-17.047324657440186,2.8199996948242188
1772467943.1681848,1.9098591804504395,21.777183532714844,-19.867324352264404,1.9098591804504395,18.957183837890625,-17.047324657440186,2.8199996948242188
1772467943.218228,1.9098591804504395,33.81718063354492,-31.907321453094482,1.9098591804504395,24.247182846069336,-22.337323665618896,9.569997787475586
1772467943.2670681,1.9098591804504395,33.81718063354492,-31.907321453094482,1.9098591804504395,24.247182846069336,-22.337323665618896,9.569997787475586
1772467943.3148766,1.9098591804504395,33.81718063354492,-31.907321453094482,1.9098591804504395,24.247182846069336,-22.337323665618896,9.569997787475586
1772467943.361794,1.9098591804504395,4.007184028625488,-2.097324848175049,1.9098591804504395,31.977182388305664,-30.067323207855225,-27.969998359680176
1772467943.4163814,1.9098591804504395,4.007184028625488,-2.097324848175049,1.9098591804504395,31.977182388305664,-30.067323207855225,-27.969998359680176
1772467943.4704847,1.9098591804504395,4.007184028625488,-2.097324848175049,1.9098591804504395,31.977182388305664,-30.067323207855225,-27.969998359680176
1772467943.51531,1.9098591804504395,15.687183380126953,-13.777324199676514,1.9098591804504395,33.90718460083008,-31.99732542037964,-18.220001220703125
1772467943.5651195,1.9098591804504395,15.687183380126953,-13.777324199676514,1.9098591804504395,33.90718460083008,-31.99732542037964,-18.220001220703125
1772467943.6110013,1.9098591804504395,15.687183380126953,-13.777324199676514,1.9098591804504395,33.90718460083008,-31.99732542037964,-18.220001220703125
1772467943.6655235,1.9098591804504395,35.14718246459961,-33.23732328414917,1.9098591804504395,26.237184524536133,-24.327325344085693,8.909997940063477
1772467943.7180948,1.9098591804504395,35.14718246459961,-33.23732328414917,1.9098591804504395,26.237184524536133,-24.327325344085693,8.909997940063477
1772467943.7680767,1.9098591804504395,31.887184143066406,-29.977324962615967,1.9098591804504395,24.287181854248047,-22.377322673797607,7.600002288818359
1772467943.8142598,1.9098591804504395,31.887184143066406,-29.977324962615967,1.9098591804504395,24.287181854248047,-22.377322673797607,7.600002288818359
1772467943.8648064,1.9098591804504395,31.887184143066406,-29.977324962615967,1.9098591804504395,24.287181854248047,-22.377322673797607,7.600002288818359
1772467943.9118955,1.9098591804504395,-9.162816047668457,11.072675228118896,1.9098591804504395,15.57718276977539,-13.667323589324951,-24.739998817443848
1772467943.966033,1.9098591804504395,-9.162816047668457,11.072675228118896,1.9098591804504395,15.57718276977539,-13.667323589324951,-24.739998817443848
1772467944.0182269,1.9098591804504395,-9.162816047668457,11.072675228118896,1.9098591804504395,15.57718276977539,-13.667323589324951,-24.739998817443848
1772467944.0704286,1.9098591804504395,19.257184982299805,-17.347325801849365,1.9098591804504395,24.187183380126953,-22.277324199676514,-4.929998397827148
1772467944.1108873,1.9098591804504395,19.257184982299805,-17.347325801849365,1.9098591804504395,24.187183380126953,-22.277324199676514,-4.929998397827148
1772467944.161246,1.9098591804504395,28.707183837890625,-26.797324657440186,1.9098591804504395,26.317184448242188,-24.407325267791748,2.3899993896484375
1772467944.2110546,1.9098591804504395,28.707183837890625,-26.797324657440186,1.9098591804504395,26.317184448242188,-24.407325267791748,2.3899993896484375
1772467944.2616856,1.9098591804504395,28.707183837890625,-26.797324657440186,1.9098591804504395,26.317184448242188,-24.407325267791748,2.3899993896484375
1772467944.3106668,1.9098591804504395,28.19718360900879,-26.28732442855835,1.9098591804504395,26.19718360900879,-24.28732442855835,2.0
1772467944.3613281,1.9098591804504395,28.19718360900879,-26.28732442855835,1.9098591804504395,26.19718360900879,-24.28732442855835,2.0
1772467944.4109566,1.9098591804504395,28.19718360900879,-26.28732442855835,1.9098591804504395,26.19718360900879,-24.28732442855835,2.0
1772467944.4616725,1.9098591804504395,28.19718360900879,-26.28732442855835,1.9098591804504395,26.19718360900879,-24.28732442855835,2.0
1772467944.5113072,1.9098591804504395,28.19718360900879,-26.28732442855835,1.9098591804504395,26.19718360900879,-24.28732442855835,2.0
1772467944.561122,1.9098591804504395,28.19718360900879,-26.28732442855835,1.9098591804504395,26.19718360900879,-24.28732442855835,2.0
1772467944.6114573,1.9098591804504395,28.19718360900879,-26.28732442855835,1.9098591804504395,26.19718360900879,-24.28732442855835,2.0
1772467944.6643782,1.9098591804504395,28.19718360900879,-26.28732442855835,1.9098591804504395,26.19718360900879,-24.28732442855835,2.0
1772467944.7127917,1.9098591804504395,28.19718360900879,-26.28732442855835,1.9098591804504395,26.19718360900879,-24.28732442855835,2.0
1772467944.7608864,1.9098591804504395,28.19718360900879,-26.28732442855835,1.9098591804504395,26.19718360900879,-24.28732442855835,2.0
1772467944.8108191,1.9098591804504395,28.19718360900879,-26.28732442855835,1.9098591804504395,26.19718360900879,-24.28732442855835,2.0
1772467944.8618047,1.9098591804504395,28.19718360900879,-26.28732442855835,1.9098591804504395,26.19718360900879,-24.28732442855835,2.0
1772467944.9107928,1.9098591804504395,28.19718360900879,-26.28732442855835,1.9098591804504395,26.19718360900879,-24.28732442855835,2.0
1772467944.9610033,1.9098591804504395,28.19718360900879,-26.28732442855835,1.9098591804504395,26.19718360900879,-24.28732442855835,2.0
1772467945.0111542,1.9098591804504395,28.19718360900879,-26.28732442855835,1.9098591804504395,26.19718360900879,-24.28732442855835,2.0
1772467945.061843,1.9098591804504395,28.19718360900879,-26.28732442855835,1.9098591804504395,26.19718360900879,-24.28732442855835,2.0
1772467945.1116812,1.9098591804504395,28.19718360900879,-26.28732442855835,1.9098591804504395,26.19718360900879,-24.28732442855835,2.0
1772467945.1649432,1.9098591804504395,38.697181701660156,-36.78732252120972,1.9098591804504395,29.977184295654297,-28.067325115203857,8.71999740600586
1772467945.2186058,1.9098591804504395,38.697181701660156,-36.78732252120972,1.9098591804504395,29.977184295654297,-28.067325115203857,8.71999740600586
1772467945.2708654,1.9098591804504395,38.697181701660156,-36.78732252120972,1.9098591804504395,29.977184295654297,-28.067325115203857,8.71999740600586
1772467945.3128624,1.9098591804504395,23.497180938720703,-21.587321758270264,1.9098591804504395,31.267183303833008,-29.35732412338257,-7.770002365112305
1772467945.3606575,1.9098591804504395,23.497180938720703,-21.587321758270264,1.9098591804504395,31.267183303833008,-29.35732412338257,-7.770002365112305
1772467945.4116707,1.9098591804504395,23.497180938720703,-21.587321758270264,1.9098591804504395,31.267183303833008,-29.35732412338257,-7.770002365112305
1772467945.470307,1.9098591804504395,24.407182693481445,-22.497323513031006,1.9098591804504395,19.017183303833008,-17.10732412338257,5.3899993896484375
1772467945.520015,1.9098591804504395,24.407182693481445,-22.497323513031006,1.9098591804504395,19.017183303833008,-17.10732412338257,5.3899993896484375
1772467945.5647538,1.9098591804504395,19.987184524536133,-18.077325344085693,1.9098591804504395,5.317183494567871,-3.4073243141174316,14.670001029968262
1772467945.615417,1.9098591804504395,19.987184524536133,-18.077325344085693,1.9098591804504395,5.317183494567871,-3.4073243141174316,14.670001029968262
1772467945.6626832,1.9098591804504395,10.327183723449707,-8.417324542999268,1.9098591804504395,21.117183685302734,-19.207324504852295,-10.789999961853027
1772467945.7136066,1.9098591804504395,10.327183723449707,-8.417324542999268,1.9098591804504395,21.117183685302734,-19.207324504852295,-10.789999961853027
1772467945.7697098,1.9098591804504395,14.57718276977539,-12.667323589324951,1.9098591804504395,32.78718566894531,-30.877326488494873,-18.210002899169922
1772467945.8181636,1.9098591804504395,14.57718276977539,-12.667323589324951,1.9098591804504395,32.78718566894531,-30.877326488494873,-18.210002899169922
1772467945.86859,1.9098591804504395,14.57718276977539,-12.667323589324951,1.9098591804504395,32.78718566894531,-30.877326488494873,-18.210002899169922
1772467945.9162664,1.9098591804504395,28.887184143066406,-26.977324962615967,1.9098591804504395,24.007183074951172,-22.097323894500732,4.880001068115234
1772467945.9617274,1.9098591804504395,28.887184143066406,-26.977324962615967,1.9098591804504395,24.007183074951172,-22.097323894500732,4.880001068115234
1772467946.012724,1.9098591804504395,28.887184143066406,-26.977324962615967,1.9098591804504395,24.007183074951172,-22.097323894500732,4.880001068115234
1772467946.0681212,1.9098591804504395,28.617183685302734,-26.707324504852295,1.9098591804504395,-19.07281494140625,20.98267412185669,47.689998626708984
1772467946.117951,1.9098591804504395,28.617183685302734,-26.707324504852295,1.9098591804504395,-19.07281494140625,20.98267412185669,47.689998626708984
1772467946.1650276,1.9098591804504395,25.44718360900879,-23.53732442855835,1.9098591804504395,22.477182388305664,-20.567323207855225,2.970001220703125
1772467946.2169855,1.9098591804504395,25.44718360900879,-23.53732442855835,1.9098591804504395,22.477182388305664,-20.567323207855225,2.970001220703125
1772467946.2666514,1.9098591804504395,22.237184524536133,-20.327325344085693,1.9098591804504395,38.447181701660156,-36.53732252120972,-16.209997177124023
1772467946.315678,1.9098591804504395,22.237184524536133,-20.327325344085693,1.9098591804504395,38.447181701660156,-36.53732252120972,-16.209997177124023
1772467946.368147,1.9098591804504395,21.137184143066406,-19.227324962615967,1.9098591804504395,32.13718795776367,-30.227328777313232,-11.000003814697266
1772467946.415123,1.9098591804504395,21.137184143066406,-19.227324962615967,1.9098591804504395,32.13718795776367,-30.227328777313232,-11.000003814697266
1772467946.464029,1.9098591804504395,21.137184143066406,-19.227324962615967,1.9098591804504395,32.13718795776367,-30.227328777313232,-11.000003814697266
1772467946.519613,1.9098591804504395,24.55718231201172,-22.64732313156128,1.9098591804504395,-20.732816696166992,22.64267587661743,45.28999900817871
1772467946.5630646,1.9098591804504395,24.55718231201172,-22.64732313156128,1.9098591804504395,-20.732816696166992,22.64267587661743,45.28999900817871
1772467946.6181157,1.9098591804504395,24.55718231201172,-22.64732313156128,1.9098591804504395,-20.732816696166992,22.64267587661743,45.28999900817871
1772467946.6703932,1.9098591804504395,26.07718276977539,-24.16732358932495,1.9098591804504395,32.19718551635742,-30.287326335906982,-6.120002746582031
1772467946.7143104,1.9098591804504395,26.07718276977539,-24.16732358932495,1.9098591804504395,32.19718551635742,-30.287326335906982,-6.120002746582031
1772467946.7659614,1.9098591804504395,26.07718276977539,-24.16732358932495,1.9098591804504395,32.19718551635742,-30.287326335906982,-6.120002746582031
1772467946.811941,1.9098591804504395,27.047183990478516,-25.137324810028076,1.9098591804504395,33.57718276977539,-31.66732358932495,-6.529998779296875
1772467946.8678098,1.9098591804504395,27.047183990478516,-25.137324810028076,1.9098591804504395,33.57718276977539,-31.66732358932495,-6.529998779296875
1772467946.9180424,1.9098591804504395,25.737184524536133,-23.827325344085693,1.9098591804504395,30.667184829711914,-28.757325649261475,-4.930000305175781
1772467946.968372,1.9098591804504395,25.737184524536133,-23.827325344085693,1.9098591804504395,30.667184829711914,-28.757325649261475,-4.930000305175781
1772467947.0146182,1.9098591804504395,25.737184524536133,-23.827325344085693,1.9098591804504395,30.667184829711914,-28.757325649261475,-4.930000305175781
1772467947.0610018,1.9098591804504395,11.727184295654297,-9.817325115203857,1.9098591804504395,17.567184448242188,-15.657325267791748,-5.840000152587891
1772467947.1116807,1.9098591804504395,11.727184295654297,-9.817325115203857,1.9098591804504395,17.567184448242188,-15.657325267791748,-5.840000152587891
1772467947.1647305,1.9098591804504395,16.177183151245117,-14.267323970794678,1.9098591804504395,10.427184104919434,-8.517324924468994,5.749999046325684
1772467947.2180574,1.9098591804504395,16.177183151245117,-14.267323970794678,1.9098591804504395,10.427184104919434,-8.517324924468994,5.749999046325684
1772467947.2687106,1.9098591804504395,26.497182846069336,-24.587323665618896,1.9098591804504395,15.62718391418457,-13.71732473373413,10.869998931884766
1772467947.3157222,1.9098591804504395,26.497182846069336,-24.587323665618896,1.9098591804504395,15.62718391418457,-13.71732473373413,10.869998931884766
1772467947.3680506,1.9098591804504395,29.777183532714844,-27.867324352264404,1.9098591804504395,31.147184371948242,-29.237325191497803,-1.3700008392333984
1772467947.4140682,1.9098591804504395,29.777183532714844,-27.867324352264404,1.9098591804504395,31.147184371948242,-29.237325191497803,-1.3700008392333984
1772467947.4704282,1.9098591804504395,29.777183532714844,-27.867324352264404,1.9098591804504395,31.147184371948242,-29.237325191497803,-1.3700008392333984
1772467947.5181122,1.9098591804504395,25.817182540893555,-23.907323360443115,1.9098591804504395,32.707183837890625,-30.797324657440186,-6.89000129699707
1772467947.562213,1.9098591804504395,25.817182540893555,-23.907323360443115,1.9098591804504395,32.707183837890625,-30.797324657440186,-6.89000129699707
1772467947.6170647,1.9098591804504395,25.817182540893555,-23.907323360443115,1.9098591804504395,32.707183837890625,-30.797324657440186,-6.89000129699707
1772467947.6671193,1.9098591804504395,18.227182388305664,-16.317323207855225,1.9098591804504395,27.55718421936035,-25.647325038909912,-9.330001831054688
1772467947.7159908,1.9098591804504395,18.227182388305664,-16.317323207855225,1.9098591804504395,27.55718421936035,-25.647325038909912,-9.330001831054688
1772467947.7646801,1.9098591804504395,18.227182388305664,-16.317323207855225,1.9098591804504395,27.55718421936035,-25.647325038909912,-9.330001831054688
1772467947.81506,1.9098591804504395,20.067182540893555,-18.157323360443115,1.9098591804504395,8.687185287475586,-6.7773261070251465,11.379997253417969
1772467947.8640742,1.9098591804504395,20.067182540893555,-18.157323360443115,1.9098591804504395,8.687185287475586,-6.7773261070251465,11.379997253417969
1772467947.910464,1.9098591804504395,20.067182540893555,-18.157323360443115,1.9098591804504395,8.687185287475586,-6.7773261070251465,11.379997253417969
1772467947.9618433,1.9098591804504395,23.147184371948242,-21.237325191497803,1.9098591804504395,22.827184677124023,-20.917325496673584,0.31999969482421875
1772467948.0182273,1.9098591804504395,23.147184371948242,-21.237325191497803,1.9098591804504395,22.827184677124023,-20.917325496673584,0.31999969482421875
1772467948.0699399,1.9098591804504395,24.25718116760254,-22.3473219871521,1.9098591804504395,29.96718406677246,-28.05732488632202,-5.710002899169922
1772467948.1144807,1.9098591804504395,24.25718116760254,-22.3473219871521,1.9098591804504395,29.96718406677246,-28.05732488632202,-5.710002899169922
1772467948.1652937,1.9098591804504395,24.25718116760254,-22.3473219871521,1.9098591804504395,29.96718406677246,-28.05732488632202,-5.710002899169922
1772467948.2119083,1.9098591804504395,16.637184143066406,-14.727324962615967,1.9098591804504395,30.8571834564209,-28.94732427597046,-14.219999313354492
1772467948.266368,1.9098591804504395,16.637184143066406,-14.727324962615967,1.9098591804504395,30.8571834564209,-28.94732427597046,-14.219999313354492
1772467948.318099,1.9098591804504395,8.38718318939209,-6.47732400894165,1.9098591804504395,25.96718406677246,-24.05732488632202,-17.58000087738037
1772467948.368215,1.9098591804504395,8.38718318939209,-6.47732400894165,1.9098591804504395,25.96718406677246,-24.05732488632202,-17.58000087738037
1772467948.411799,1.9098591804504395,8.38718318939209,-6.47732400894165,1.9098591804504395,25.96718406677246,-24.05732488632202,-17.58000087738037
1772467948.4662468,1.9098591804504395,26.227184295654297,-24.317325115203857,1.9098591804504395,3.3071823120117188,-1.3973231315612793,22.920001983642578
1772467948.5120842,1.9098591804504395,26.227184295654297,-24.317325115203857,1.9098591804504395,3.3071823120117188,-1.3973231315612793,22.920001983642578
1772467948.5680556,1.9098591804504395,26.227184295654297,-24.317325115203857,1.9098591804504395,3.3071823120117188,-1.3973231315612793,22.920001983642578
1772467948.6180644,1.9098591804504395,29.177183151245117,-27.267323970794678,1.9098591804504395,24.347183227539062,-22.437324047088623,4.829999923706055
1772467948.6685557,1.9098591804504395,29.177183151245117,-27.267323970794678,1.9098591804504395,24.347183227539062,-22.437324047088623,4.829999923706055
1772467948.7155206,1.9098591804504395,26.897184371948242,-24.987325191497803,1.9098591804504395,31.377182006835938,-29.467322826385498,-4.479997634887695
1772467948.761686,1.9098591804504395,26.897184371948242,-24.987325191497803,1.9098591804504395,31.377182006835938,-29.467322826385498,-4.479997634887695
1772467948.8136883,1.9098591804504395,26.897184371948242,-24.987325191497803,1.9098591804504395,31.377182006835938,-29.467322826385498,-4.479997634887695
1772467948.8733065,1.9098591804504395,19.437183380126953,-17.527324199676514,1.9098591804504395,30.367183685302734,-28.457324504852295,-10.930000305175781
1772467948.9180942,1.9098591804504395,19.437183380126953,-17.527324199676514,1.9098591804504395,30.367183685302734,-28.457324504852295,-10.930000305175781
1772467948.9617066,1.9098591804504395,19.437183380126953,-17.527324199676514,1.9098591804504395,30.367183685302734,-28.457324504852295,-10.930000305175781
1772467949.0144506,1.9098591804504395,21.05718231201172,-19.14732313156128,1.9098591804504395,4.987183094024658,-3.0773239135742188,16.06999921798706
1772467949.066852,1.9098591804504395,21.05718231201172,-19.14732313156128,1.9098591804504395,4.987183094024658,-3.0773239135742188,16.06999921798706
1772467949.1190658,1.9098591804504395,22.887184143066406,-20.977324962615967,1.9098591804504395,13.757183074951172,-11.847323894500732,9.130001068115234
1772467949.1682358,1.9098591804504395,22.887184143066406,-20.977324962615967,1.9098591804504395,13.757183074951172,-11.847323894500732,9.130001068115234
1772467949.2151327,1.9098591804504395,22.887184143066406,-20.977324962615967,1.9098591804504395,13.757183074951172,-11.847323894500732,9.130001068115234
1772467949.2698832,1.9098591804504395,24.477182388305664,-22.567323207855225,1.9098591804504395,30.827184677124023,-28.917325496673584,-6.350002288818359
1772467949.3107955,1.9098591804504395,24.477182388305664,-22.567323207855225,1.9098591804504395,30.827184677124023,-28.917325496673584,-6.350002288818359
1772467949.3608062,1.9098591804504395,24.477182388305664,-22.567323207855225,1.9098591804504395,30.827184677124023,-28.917325496673584,-6.350002288818359
1772467949.4110754,1.9098591804504395,24.39718246459961,-22.48732328414917,1.9098591804504395,30.62718391418457,-28.71732473373413,-6.230001449584961
1772467949.4616623,1.9098591804504395,24.39718246459961,-22.48732328414917,1.9098591804504395,30.62718391418457,-28.71732473373413,-6.230001449584961
1772467949.511057,1.9098591804504395,24.39718246459961,-22.48732328414917,1.9098591804504395,30.597183227539062,-28.687324047088623,-6.200000762939453
1772467949.5610456,1.9098591804504395,24.39718246459961,-22.48732328414917,1.9098591804504395,30.597183227539062,-28.687324047088623,-6.200000762939453
1772467949.610763,1.9098591804504395,24.39718246459961,-22.48732328414917,1.9098591804504395,30.597183227539062,-28.687324047088623,-6.200000762939453
1772467949.6617172,1.9098591804504395,24.39718246459961,-22.48732328414917,1.9098591804504395,30.597183227539062,-28.687324047088623,-6.200000762939453
1772467949.7067788,1.9098591804504395,24.39718246459961,-22.48732328414917,1.9098591804504395,30.597183227539062,-28.687324047088623,-6.200000762939453
1772467949.7566872,1.9098591804504395,24.39718246459961,-22.48732328414917,1.9098591804504395,30.597183227539062,-28.687324047088623,-6.200000762939453
1772467949.8067198,1.9098591804504395,24.39718246459961,-22.48732328414917,1.9098591804504395,30.597183227539062,-28.687324047088623,-6.200000762939453
1772467949.861687,1.9098591804504395,24.39718246459961,-22.48732328414917,1.9098591804504395,30.597183227539062,-28.687324047088623,-6.200000762939453
1772467949.910737,1.9098591804504395,24.39718246459961,-22.48732328414917,1.9098591804504395,30.597183227539062,-28.687324047088623,-6.200000762939453
1772467949.9616854,1.9098591804504395,24.39718246459961,-22.48732328414917,1.9098591804504395,30.597183227539062,-28.687324047088623,-6.200000762939453
1772467950.0125165,1.9098591804504395,24.39718246459961,-22.48732328414917,1.9098591804504395,30.597183227539062,-28.687324047088623,-6.200000762939453
1772467950.0616899,1.9098591804504395,24.39718246459961,-22.48732328414917,1.9098591804504395,30.597183227539062,-28.687324047088623,-6.200000762939453
1772467950.1107235,1.9098591804504395,24.39718246459961,-22.48732328414917,1.9098591804504395,30.597183227539062,-28.687324047088623,-6.200000762939453
1772467950.1610491,1.9098591804504395,24.39718246459961,-22.48732328414917,1.9098591804504395,30.597183227539062,-28.687324047088623,-6.200000762939453
1772467950.2109742,1.9098591804504395,24.39718246459961,-22.48732328414917,1.9098591804504395,30.597183227539062,-28.687324047088623,-6.200000762939453
1772467950.2619312,1.9098591804504395,24.39718246459961,-22.48732328414917,1.9098591804504395,30.597183227539062,-28.687324047088623,-6.200000762939453
1772467950.3139718,1.9098591804504395,24.39718246459961,-22.48732328414917,1.9098591804504395,30.597183227539062,-28.687324047088623,-6.200000762939453
1772467950.3697567,1.9098591804504395,25.237184524536133,-23.327325344085693,1.9098591804504395,31.227184295654297,-29.317325115203857,-5.989999771118164
1772467950.4167087,1.9098591804504395,25.237184524536133,-23.327325344085693,1.9098591804504395,31.227184295654297,-29.317325115203857,-5.989999771118164
1772467950.469698,1.9098591804504395,25.237184524536133,-23.327325344085693,1.9098591804504395,31.227184295654297,-29.317325115203857,-5.989999771118164
1772467950.514691,1.9098591804504395,6.297184467315674,-4.387325286865234,1.9098591804504395,0.3271825313568115,1.582676649093628,5.970001935958862
1772467950.561682,1.9098591804504395,6.297184467315674,-4.387325286865234,1.9098591804504395,0.3271825313568115,1.582676649093628,5.970001935958862
1772467950.619723,1.9098591804504395,12.027181625366211,-10.117322444915771,1.9098591804504395,8.937183380126953,-7.027324199676514,3.089998245239258
1772467950.6736207,1.9098591804504395,12.027181625366211,-10.117322444915771,1.9098591804504395,8.937183380126953,-7.027324199676514,3.089998245239258
1772467950.7130463,1.9098591804504395,12.027181625366211,-10.117322444915771,1.9098591804504395,8.937183380126953,-7.027324199676514,3.089998245239258
1772467950.7657008,1.9098591804504395,27.33718490600586,-25.42732572555542,1.9098591804504395,29.387182235717773,-27.477323055267334,-2.049997329711914
1772467950.811715,1.9098591804504395,27.33718490600586,-25.42732572555542,1.9098591804504395,29.387182235717773,-27.477323055267334,-2.049997329711914
1772467950.873423,1.9098591804504395,28.067184448242188,-26.157325267791748,1.9098591804504395,26.507184982299805,-24.597325801849365,1.5599994659423828
1772467950.9183147,1.9098591804504395,28.067184448242188,-26.157325267791748,1.9098591804504395,26.507184982299805,-24.597325801849365,1.5599994659423828
1772467950.9636638,1.9098591804504395,28.067184448242188,-26.157325267791748,1.9098591804504395,26.507184982299805,-24.597325801849365,1.5599994659423828
1772467951.0153253,1.9098591804504395,18.33718490600586,-16.42732572555542,1.9098591804504395,3.917184352874756,-2.0073251724243164,14.420000553131104
1772467951.0616193,1.9098591804504395,18.33718490600586,-16.42732572555542,1.9098591804504395,3.917184352874756,-2.0073251724243164,14.420000553131104
1772467951.1126258,1.9098591804504395,18.33718490600586,-16.42732572555542,1.9098591804504395,3.917184352874756,-2.0073251724243164,14.420000553131104
1772467951.164582,1.9098591804504395,17.74718475341797,-15.83732557296753,1.9098591804504395,19.697185516357422,-17.787326335906982,-1.9500007629394531
1772467951.2182882,1.9098591804504395,17.74718475341797,-15.83732557296753,1.9098591804504395,19.697185516357422,-17.787326335906982,-1.9500007629394531
1772467951.2687104,1.9098591804504395,17.74718475341797,-15.83732557296753,1.9098591804504395,19.697185516357422,-17.787326335906982,-1.9500007629394531
1772467951.3148923,1.9098591804504395,23.46718406677246,-21.55732488632202,1.9098591804504395,31.597183227539062,-29.687324047088623,-8.129999160766602
1772467951.3677397,1.9098591804504395,23.46718406677246,-21.55732488632202,1.9098591804504395,31.597183227539062,-29.687324047088623,-8.129999160766602
1772467951.4138567,1.9098591804504395,23.46718406677246,-21.55732488632202,1.9098591804504395,31.597183227539062,-29.687324047088623,-8.129999160766602
1772467951.4702337,1.9098591804504395,24.247180938720703,-22.337321758270264,1.9098591804504395,26.797183990478516,-24.887324810028076,-2.5500030517578125
1772467951.519749,1.9098591804504395,24.247180938720703,-22.337321758270264,1.9098591804504395,26.797183990478516,-24.887324810028076,-2.5500030517578125
1772467951.5674324,1.9098591804504395,18.317182540893555,-16.407323360443115,1.9098591804504395,10.407183647155762,-8.497324466705322,7.909998893737793
1772467951.6167436,1.9098591804504395,18.317182540893555,-16.407323360443115,1.9098591804504395,10.407183647155762,-8.497324466705322,7.909998893737793
1772467951.6709752,1.9098591804504395,8.727182388305664,-6.817323207855225,1.9098591804504395,4.6871843338012695,-2.77732515335083,4.0399980545043945
1772467951.7216763,1.9098591804504395,8.727182388305664,-6.817323207855225,1.9098591804504395,4.6871843338012695,-2.77732515335083,4.0399980545043945
1772467951.7680407,1.9098591804504395,8.727182388305664,-6.817323207855225,1.9098591804504395,4.6871843338012695,-2.77732515335083,4.0399980545043945
1772467951.8182075,1.9098591804504395,15.077183723449707,-13.167324542999268,1.9098591804504395,26.83718490600586,-24.92732572555542,-11.760001182556152
1772467951.8662055,1.9098591804504395,15.077183723449707,-13.167324542999268,1.9098591804504395,26.83718490600586,-24.92732572555542,-11.760001182556152
1772467951.9097478,1.9098591804504395,15.077183723449707,-13.167324542999268,1.9098591804504395,26.83718490600586,-24.92732572555542,-11.760001182556152
1772467951.961704,1.9098591804504395,32.22718048095703,-30.317321300506592,1.9098591804504395,30.837182998657227,-28.927323818206787,1.3899974822998047
1772467952.019641,1.9098591804504395,32.22718048095703,-30.317321300506592,1.9098591804504395,30.837182998657227,-28.927323818206787,1.3899974822998047
1772467952.0706246,1.9098591804504395,28.03718376159668,-26.12732458114624,1.9098591804504395,26.18718719482422,-24.27732801437378,1.849996566772461
1772467952.115489,1.9098591804504395,28.03718376159668,-26.12732458114624,1.9098591804504395,26.18718719482422,-24.27732801437378,1.849996566772461
1772467952.1638436,1.9098591804504395,28.03718376159668,-26.12732458114624,1.9098591804504395,26.18718719482422,-24.27732801437378,1.849996566772461
1772467952.2106037,1.9098591804504395,18.327184677124023,-16.417325496673584,1.9098591804504395,-4.262815475463867,6.172674655914307,22.59000015258789
1772467952.2666252,1.9098591804504395,18.327184677124023,-16.417325496673584,1.9098591804504395,-4.262815475463867,6.172674655914307,22.59000015258789
1772467952.3182137,1.9098591804504395,22.367185592651367,-20.457326412200928,1.9098591804504395,19.457181930541992,-17.547322750091553,2.910003662109375
1772467952.3680353,1.9098591804504395,22.367185592651367,-20.457326412200928,1.9098591804504395,19.457181930541992,-17.547322750091553,2.910003662109375
1772467952.4131644,1.9098591804504395,22.367185592651367,-20.457326412200928,1.9098591804504395,19.457181930541992,-17.547322750091553,2.910003662109375
1772467952.4649134,1.9098591804504395,26.60718536376953,-24.697326183319092,1.9098591804504395,33.30718231201172,-31.39732313156128,-6.6999969482421875
1772467952.5111225,1.9098591804504395,26.60718536376953,-24.697326183319092,1.9098591804504395,33.30718231201172,-31.39732313156128,-6.6999969482421875
1772467952.5657365,1.9098591804504395,28.28718376159668,-26.37732458114624,1.9098591804504395,28.6071834564209,-26.69732427597046,-0.31999969482421875
1772467952.618262,1.9098591804504395,28.28718376159668,-26.37732458114624,1.9098591804504395,28.6071834564209,-26.69732427597046,-0.31999969482421875
1772467952.6703172,1.9098591804504395,28.28718376159668,-26.37732458114624,1.9098591804504395,28.6071834564209,-26.69732427597046,-0.31999969482421875
1772467952.7162964,1.9098591804504395,26.937185287475586,-25.027326107025146,1.9098591804504395,19.977184295654297,-18.067325115203857,6.960000991821289
1772467952.7657676,1.9098591804504395,26.937185287475586,-25.027326107025146,1.9098591804504395,19.977184295654297,-18.067325115203857,6.960000991821289
1772467952.8128827,1.9098591804504395,26.937185287475586,-25.027326107025146,1.9098591804504395,19.977184295654297,-18.067325115203857,6.960000991821289
1772467952.8684704,1.9098591804504395,21.327184677124023,-19.417325496673584,1.9098591804504395,17.037185668945312,-15.127326488494873,4.289999008178711
1772467952.9181929,1.9098591804504395,21.327184677124023,-19.417325496673584,1.9098591804504395,17.037185668945312,-15.127326488494873,4.289999008178711
1772467952.9629662,1.9098591804504395,21.327184677124023,-19.417325496673584,1.9098591804504395,17.037185668945312,-15.127326488494873,4.289999008178711
1772467953.01485,1.9098591804504395,15.2971830368042,-13.38732385635376,1.9098591804504395,30.427183151245117,-28.517323970794678,-15.130000114440918
1772467953.0646348,1.9098591804504395,15.2971830368042,-13.38732385635376,1.9098591804504395,30.427183151245117,-28.517323970794678,-15.130000114440918
1772467953.1120021,1.9098591804504395,23.157184600830078,-21.24732542037964,1.9098591804504395,32.10718536376953,-30.197326183319092,-8.950000762939453
1772467953.1659157,1.9098591804504395,23.157184600830078,-21.24732542037964,1.9098591804504395,32.10718536376953,-30.197326183319092,-8.950000762939453
1772467953.2196546,1.9098591804504395,26.787185668945312,-24.877326488494873,1.9098591804504395,30.94718360900879,-29.03732442855835,-4.159997940063477
1772467953.2704241,1.9098591804504395,26.787185668945312,-24.877326488494873,1.9098591804504395,30.94718360900879,-29.03732442855835,-4.159997940063477
1772467953.3133717,1.9098591804504395,26.787185668945312,-24.877326488494873,1.9098591804504395,30.94718360900879,-29.03732442855835,-4.159997940063477
1772467953.3613675,1.9098591804504395,27.01718521118164,-25.1073260307312,1.9098591804504395,15.877182960510254,-13.967323780059814,11.140002250671387
1772467953.4136512,1.9098591804504395,27.01718521118164,-25.1073260307312,1.9098591804504395,15.877182960510254,-13.967323780059814,11.140002250671387
1772467953.470733,1.9098591804504395,22.797183990478516,-20.887324810028076,1.9098591804504395,6.307182312011719,-4.397323131561279,16.490001678466797
1772467953.5146291,1.9098591804504395,22.797183990478516,-20.887324810028076,1.9098591804504395,6.307182312011719,-4.397323131561279,16.490001678466797
1772467953.565871,1.9098591804504395,22.797183990478516,-20.887324810028076,1.9098591804504395,6.307182312011719,-4.397323131561279,16.490001678466797
1772467953.6167543,1.9098591804504395,17.117183685302734,-15.207324504852295,1.9098591804504395,27.377185821533203,-25.467326641082764,-10.260002136230469
1772467953.671834,1.9098591804504395,17.117183685302734,-15.207324504852295,1.9098591804504395,27.377185821533203,-25.467326641082764,-10.260002136230469
1772467953.7157435,1.9098591804504395,20.757183074951172,-18.847323894500732,1.9098591804504395,31.437183380126953,-29.527324199676514,-10.680000305175781
1772467953.7679493,1.9098591804504395,20.757183074951172,-18.847323894500732,1.9098591804504395,31.437183380126953,-29.527324199676514,-10.680000305175781
1772467953.8165092,1.9098591804504395,23.117185592651367,-21.207326412200928,1.9098591804504395,30.777183532714844,-28.867324352264404,-7.659997940063477
1772467953.8637452,1.9098591804504395,23.117185592651367,-21.207326412200928,1.9098591804504395,30.777183532714844,-28.867324352264404,-7.659997940063477
1772467953.910973,1.9098591804504395,23.117185592651367,-21.207326412200928,1.9098591804504395,30.777183532714844,-28.867324352264404,-7.659997940063477
1772467953.961689,1.9098591804504395,23.62718391418457,-21.71732473373413,1.9098591804504395,19.66718292236328,-17.757323741912842,3.960000991821289
1772467954.0198443,1.9098591804504395,23.62718391418457,-21.71732473373413,1.9098591804504395,19.66718292236328,-17.757323741912842,3.960000991821289
1772467954.0706491,1.9098591804504395,19.6071834564209,-17.69732427597046,1.9098591804504395,4.867183685302734,-2.957324504852295,14.739999771118164
1772467954.1164358,1.9098591804504395,19.6071834564209,-17.69732427597046,1.9098591804504395,4.867183685302734,-2.957324504852295,14.739999771118164
1772467954.1563911,1.9098591804504395,19.6071834564209,-17.69732427597046,1.9098591804504395,4.867183685302734,-2.957324504852295,14.739999771118164
1772467954.2118063,1.9098591804504395,11.607184410095215,-9.697325229644775,1.9098591804504395,25.75718116760254,-23.8473219871521,-14.149996757507324
1772467954.266174,1.9098591804504395,11.607184410095215,-9.697325229644775,1.9098591804504395,25.75718116760254,-23.8473219871521,-14.149996757507324
1772467954.3201058,1.9098591804504395,22.28718376159668,-20.37732458114624,1.9098591804504395,30.887184143066406,-28.977324962615967,-8.600000381469727
1772467954.3684583,1.9098591804504395,22.28718376159668,-20.37732458114624,1.9098591804504395,30.887184143066406,-28.977324962615967,-8.600000381469727
1772467954.4122903,1.9098591804504395,22.28718376159668,-20.37732458114624,1.9098591804504395,30.887184143066406,-28.977324962615967,-8.600000381469727
1772467954.4667468,1.9098591804504395,29.3571834564209,-27.44732427597046,1.9098591804504395,31.437183380126953,-29.527324199676514,-2.0799999237060547
1772467954.5202854,1.9098591804504395,29.3571834564209,-27.44732427597046,1.9098591804504395,31.437183380126953,-29.527324199676514,-2.0799999237060547
1772467954.5698156,1.9098591804504395,27.10718536376953,-25.197326183319092,1.9098591804504395,23.837181091308594,-21.927321910858154,3.2700042724609375
1772467954.6179633,1.9098591804504395,27.10718536376953,-25.197326183319092,1.9098591804504395,23.837181091308594,-21.927321910858154,3.2700042724609375
1772467954.6705043,1.9098591804504395,27.10718536376953,-25.197326183319092,1.9098591804504395,23.837181091308594,-21.927321910858154,3.2700042724609375
1772467954.7162025,1.9098591804504395,19.007184982299805,-17.097325801849365,1.9098591804504395,3.617184638977051,-1.7073254585266113,15.390000343322754
1772467954.7617843,1.9098591804504395,19.007184982299805,-17.097325801849365,1.9098591804504395,3.617184638977051,-1.7073254585266113,15.390000343322754
1772467954.814447,1.9098591804504395,19.007184982299805,-17.097325801849365,1.9098591804504395,3.617184638977051,-1.7073254585266113,15.390000343322754
1772467954.8745437,1.9098591804504395,20.027183532714844,-18.117324352264404,1.9098591804504395,27.697185516357422,-25.787326335906982,-7.670001983642578
1772467954.9182014,1.9098591804504395,20.027183532714844,-18.117324352264404,1.9098591804504395,27.697185516357422,-25.787326335906982,-7.670001983642578
1772467954.9617186,1.9098591804504395,20.027183532714844,-18.117324352264404,1.9098591804504395,27.697185516357422,-25.787326335906982,-7.670001983642578
1772467955.0145094,1.9098591804504395,25.247180938720703,-23.337321758270264,1.9098591804504395,31.217182159423828,-29.30732297897339,-5.970001220703125
1772467955.0647528,1.9098591804504395,25.247180938720703,-23.337321758270264,1.9098591804504395,31.217182159423828,-29.30732297897339,-5.970001220703125
1772467955.1136277,1.9098591804504395,24.997180938720703,-23.087321758270264,1.9098591804504395,25.957183837890625,-24.047324657440186,-0.9600028991699219
1772467955.1673992,1.9098591804504395,24.997180938720703,-23.087321758270264,1.9098591804504395,25.957183837890625,-24.047324657440186,-0.9600028991699219
1772467955.215781,1.9098591804504395,24.997180938720703,-23.087321758270264,1.9098591804504395,25.957183837890625,-24.047324657440186,-0.9600028991699219
1772467955.265075,1.9098591804504395,17.437183380126953,-15.527324199676514,1.9098591804504395,7.7171831130981445,-5.807323932647705,9.720000267028809
1772467955.31102,1.9098591804504395,17.437183380126953,-15.527324199676514,1.9098591804504395,7.7171831130981445,-5.807323932647705,9.720000267028809
1772467955.3661711,1.9098591804504395,7.507184028625488,-5.597324848175049,1.9098591804504395,13.217184066772461,-11.307324886322021,-5.710000038146973
1772467955.4181209,1.9098591804504395,7.507184028625488,-5.597324848175049,1.9098591804504395,13.217184066772461,-11.307324886322021,-5.710000038146973
1772467955.4703183,1.9098591804504395,7.507184028625488,-5.597324848175049,1.9098591804504395,13.217184066772461,-11.307324886322021,-5.710000038146973
1772467955.5177548,1.9098591804504395,22.907184600830078,-20.99732542037964,1.9098591804504395,30.847185134887695,-28.937325954437256,-7.940000534057617
1772467955.5671768,1.9098591804504395,22.907184600830078,-20.99732542037964,1.9098591804504395,30.847185134887695,-28.937325954437256,-7.940000534057617
1772467955.611718,1.9098591804504395,22.907184600830078,-20.99732542037964,1.9098591804504395,30.847185134887695,-28.937325954437256,-7.940000534057617
1772467955.6700053,1.9098591804504395,30.177183151245117,-28.267323970794678,1.9098591804504395,31.467182159423828,-29.55732297897339,-1.289999008178711
1772467955.7182648,1.9098591804504395,30.177183151245117,-28.267323970794678,1.9098591804504395,31.467182159423828,-29.55732297897339,-1.289999008178711
1772467955.7663198,1.9098591804504395,26.22718620300293,-24.31732702255249,1.9098591804504395,26.147186279296875,-24.237327098846436,0.07999992370605469
1772467955.8164718,1.9098591804504395,26.22718620300293,-24.31732702255249,1.9098591804504395,26.147186279296875,-24.237327098846436,0.07999992370605469
1772467955.870189,1.9098591804504395,20.937183380126953,-19.027324199676514,1.9098591804504395,9.597184181213379,-7.6873250007629395,11.339999198913574
1772467955.9142056,1.9098591804504395,20.937183380126953,-19.027324199676514,1.9098591804504395,9.597184181213379,-7.6873250007629395,11.339999198913574
1772467955.9680588,1.9098591804504395,20.937183380126953,-19.027324199676514,1.9098591804504395,9.597184181213379,-7.6873250007629395,11.339999198913574
1772467956.016456,1.9098591804504395,17.83718490600586,-15.92732572555542,1.9098591804504395,16.067184448242188,-14.157325267791748,1.7700004577636719
1772467956.0666192,1.9098591804504395,17.83718490600586,-15.92732572555542,1.9098591804504395,16.067184448242188,-14.157325267791748,1.7700004577636719
1772467956.117181,1.9098591804504395,22.407184600830078,-20.49732542037964,1.9098591804504395,29.657182693481445,-27.747323513031006,-7.249998092651367
1772467956.1616018,1.9098591804504395,22.407184600830078,-20.49732542037964,1.9098591804504395,29.657182693481445,-27.747323513031006,-7.249998092651367
1772467956.2196007,1.9098591804504395,23.87718391418457,-21.96732473373413,1.9098591804504395,30.887184143066406,-28.977324962615967,-7.010000228881836
1772467956.2703948,1.9098591804504395,23.87718391418457,-21.96732473373413,1.9098591804504395,30.887184143066406,-28.977324962615967,-7.010000228881836
1772467956.3159425,1.9098591804504395,23.87718391418457,-21.96732473373413,1.9098591804504395,30.887184143066406,-28.977324962615967,-7.010000228881836
1772467956.3646894,1.9098591804504395,24.217182159423828,-22.30732297897339,1.9098591804504395,24.497182846069336,-22.587323665618896,-0.2800006866455078
1772467956.4115396,1.9098591804504395,24.217182159423828,-22.30732297897339,1.9098591804504395,24.497182846069336,-22.587323665618896,-0.2800006866455078
1772467956.4656985,1.9098591804504395,24.217182159423828,-22.30732297897339,1.9098591804504395,24.497182846069336,-22.587323665618896,-0.2800006866455078
1772467956.5196579,1.9098591804504395,16.427181243896484,-14.517322063446045,1.9098591804504395,3.3771824836730957,-1.4673233032226562,13.049998760223389
1772467956.5667477,1.9098591804504395,16.427181243896484,-14.517322063446045,1.9098591804504395,3.3771824836730957,-1.4673233032226562,13.049998760223389
1772467956.6146698,1.9098591804504395,16.427181243896484,-14.517322063446045,1.9098591804504395,3.3771824836730957,-1.4673233032226562,13.049998760223389
1772467956.6653798,1.9098591804504395,18.05718421936035,-16.147325038909912,1.9098591804504395,26.657182693481445,-24.747323513031006,-8.599998474121094
1772467956.7117898,1.9098591804504395,18.05718421936035,-16.147325038909912,1.9098591804504395,26.657182693481445,-24.747323513031006,-8.599998474121094
1772467956.7666185,1.9098591804504395,18.05718421936035,-16.147325038909912,1.9098591804504395,26.657182693481445,-24.747323513031006,-8.599998474121094
1772467956.818453,1.9098591804504395,28.28718376159668,-26.37732458114624,1.9098591804504395,30.847183227539062,-28.937324047088623,-2.559999465942383
1772467956.8729992,1.9098591804504395,28.28718376159668,-26.37732458114624,1.9098591804504395,30.847183227539062,-28.937324047088623,-2.559999465942383
1772467956.9150238,1.9098591804504395,28.28718376159668,-26.37732458114624,1.9098591804504395,30.847183227539062,-28.937324047088623,-2.559999465942383
1772467956.9664967,1.9098591804504395,22.757184982299805,-20.847325801849365,1.9098591804504395,14.637184143066406,-12.727324962615967,8.120000839233398
1772467957.0135133,1.9098591804504395,22.757184982299805,-20.847325801849365,1.9098591804504395,14.637184143066406,-12.727324962615967,8.120000839233398
1772467957.0703893,1.9098591804504395,16.697185516357422,-14.787326335906982,1.9098591804504395,1.5371845960617065,0.3726745843887329,15.160000920295715
1772467957.116677,1.9098591804504395,16.697185516357422,-14.787326335906982,1.9098591804504395,1.5371845960617065,0.3726745843887329,15.160000920295715
1772467957.161634,1.9098591804504395,16.697185516357422,-14.787326335906982,1.9098591804504395,1.5371845960617065,0.3726745843887329,15.160000920295715
1772467957.209201,1.9098591804504395,17.417184829711914,-15.507325649261475,1.9098591804504395,27.817184448242188,-25.907325267791748,-10.399999618530273
1772467957.2663078,1.9098591804504395,17.417184829711914,-15.507325649261475,1.9098591804504395,27.817184448242188,-25.907325267791748,-10.399999618530273
1772467957.3164716,1.9098591804504395,23.277185440063477,-21.367326259613037,1.9098591804504395,31.007183074951172,-29.097323894500732,-7.729997634887695
1772467957.3648002,1.9098591804504395,23.277185440063477,-21.367326259613037,1.9098591804504395,31.007183074951172,-29.097323894500732,-7.729997634887695
1772467957.4156072,1.9098591804504395,23.277185440063477,-21.367326259613037,1.9098591804504395,31.007183074951172,-29.097323894500732,-7.729997634887695
1772467957.464342,1.9098591804504395,23.62718391418457,-21.71732473373413,1.9098591804504395,25.547183990478516,-23.637324810028076,-1.9200000762939453
1772467957.515355,1.9098591804504395,23.62718391418457,-21.71732473373413,1.9098591804504395,25.547183990478516,-23.637324810028076,-1.9200000762939453
1772467957.562053,1.9098591804504395,18.347183227539062,-16.437324047088623,1.9098591804504395,9.837182998657227,-7.927323818206787,8.510000228881836
1772467957.6183293,1.9098591804504395,18.347183227539062,-16.437324047088623,1.9098591804504395,9.837182998657227,-7.927323818206787,8.510000228881836
1772467957.670601,1.9098591804504395,18.347183227539062,-16.437324047088623,1.9098591804504395,9.837182998657227,-7.927323818206787,8.510000228881836
1772467957.7169132,1.9098591804504395,5.787182807922363,-3.877323627471924,1.9098591804504395,14.167182922363281,-12.257323741912842,-8.380000114440918
1772467957.7662575,1.9098591804504395,5.787182807922363,-3.877323627471924,1.9098591804504395,14.167182922363281,-12.257323741912842,-8.380000114440918
1772467957.8116465,1.9098591804504395,5.787182807922363,-3.877323627471924,1.9098591804504395,14.167182922363281,-12.257323741912842,-8.380000114440918
1772467957.8672323,1.9098591804504395,28.867183685302734,-26.957324504852295,1.9098591804504395,32.05718231201172,-30.14732313156128,-3.1899986267089844
1772467957.9180799,1.9098591804504395,28.867183685302734,-26.957324504852295,1.9098591804504395,32.05718231201172,-30.14732313156128,-3.1899986267089844
1772467957.968445,1.9098591804504395,30.10718536376953,-28.197326183319092,1.9098591804504395,31.827184677124023,-29.917325496673584,-1.7199993133544922
1772467958.0119522,1.9098591804504395,30.10718536376953,-28.197326183319092,1.9098591804504395,31.827184677124023,-29.917325496673584,-1.7199993133544922
1772467958.0674357,1.9098591804504395,26.847185134887695,-24.937325954437256,1.9098591804504395,29.067182540893555,-27.157323360443115,-2.2199974060058594
1772467958.1118069,1.9098591804504395,26.847185134887695,-24.937325954437256,1.9098591804504395,29.067182540893555,-27.157323360443115,-2.2199974060058594
1772467958.168121,1.9098591804504395,26.847185134887695,-24.937325954437256,1.9098591804504395,29.067182540893555,-27.157323360443115,-2.2199974060058594
1772467958.218064,1.9098591804504395,16.917184829711914,-15.007325649261475,1.9098591804504395,7.567183494567871,-5.657324314117432,9.350001335144043
1772467958.2704308,1.9098591804504395,16.917184829711914,-15.007325649261475,1.9098591804504395,7.567183494567871,-5.657324314117432,9.350001335144043
1772467958.3165107,1.9098591804504395,17.187185287475586,-15.277326107025146,1.9098591804504395,10.697183609008789,-8.78732442855835,6.490001678466797
1772467958.3622077,-0.6917760968208313,17.187185287475586,-17.878961384296417,-0.6917760968208313,10.697183609008789,-11.38895970582962,6.490001678466797
1772467958.4134352,0.0,-17.639999389648438,17.639999389648438,0.0,-9.749999046325684,9.749999046325684,-7.890000343322754
1772467958.468235,0.0,-17.639999389648438,17.639999389648438,0.0,-9.749999046325684,9.749999046325684,-7.890000343322754
1772467958.5182598,0.0,-17.639999389648438,17.639999389648438,0.0,-9.749999046325684,9.749999046325684,-7.890000343322754
1772467958.5654945,0.0,-12.760000228881836,12.760000228881836,0.0,-6.40000057220459,6.40000057220459,-6.359999656677246
1772467958.616063,0.0,-12.760000228881836,12.760000228881836,0.0,-6.40000057220459,6.40000057220459,-6.359999656677246
1772467958.663206,0.0,-8.800000190734863,8.800000190734863,0.0,-5.12999963760376,5.12999963760376,-3.6700005531311035
1772467958.7145793,0.0,-8.800000190734863,8.800000190734863,0.0,-5.12999963760376,5.12999963760376,-3.6700005531311035
1772467958.7683542,0.0,-8.800000190734863,8.800000190734863,0.0,-5.12999963760376,5.12999963760376,-3.6700005531311035
1772467958.8180306,0.0,-3.9599997997283936,3.9599997997283936,0.0,-3.5200002193450928,3.5200002193450928,-0.4399995803833008
1772467958.8689704,0.0,-3.9599997997283936,3.9599997997283936,0.0,-3.5200002193450928,3.5200002193450928,-0.4399995803833008
1772467958.914658,0.0,-3.9599997997283936,3.9599997997283936,0.0,-3.5200002193450928,3.5200002193450928,-0.4399995803833008
1772467958.9698002,0.0,0.20999999344348907,-0.20999999344348907,0.0,-0.44999995827674866,0.44999995827674866,0.6599999517202377
1772467959.0152323,0.0,0.20999999344348907,-0.20999999344348907,0.0,-0.44999995827674866,0.44999995827674866,0.6599999517202377
1772467959.0703082,0.0,0.20999999344348907,-0.20999999344348907,0.0,-0.44999995827674866,0.44999995827674866,0.6599999517202377
1772467959.1184814,0.0,0.0,0.0,0.0,0.6599999666213989,-0.6599999666213989,-0.6599999666213989
1772467959.163077,0.0,0.0,0.0,0.0,0.6599999666213989,-0.6599999666213989,-0.6599999666213989
1772467959.2170203,0.0,0.0,0.0,0.0,-0.029999999329447746,0.029999999329447746,0.029999999329447746
1772467959.2664485,0.0,0.0,0.0,0.0,-0.029999999329447746,0.029999999329447746,0.029999999329447746
1772467959.3159199,0.0,0.0,0.0,0.0,-0.029999999329447746,0.029999999329447746,0.029999999329447746
1772467959.3664048,0.0,0.0,0.0,0.0,0.0,0.0,0.0
1772467959.4149396,0.0,0.0,0.0,0.0,0.0,0.0,0.0
1772467959.4656222,0.0,0.0,0.0,0.0,0.0,0.0,0.0
1772467959.509526,0.0,0.0,0.0,0.0,0.0,0.0,0.0
1772467959.5617318,0.0,0.0,0.0,0.0,0.0,0.0,0.0
1772467959.616383,0.0,0.0,0.0,0.0,0.0,0.0,0.0
1772467959.665094,0.0,0.0,0.0,0.0,0.0,0.0,0.0
1772467959.7158227,0.0,0.0,0.0,0.0,0.0,0.0,0.0
1772467959.7643516,0.0,0.0,0.0,0.0,0.0,0.0,0.0
1772467959.8118804,0.0,0.0,0.0,0.0,0.0,0.0,0.0
1772467959.871468,0.0,0.0,0.0,0.0,0.0,0.0,0.0
1772467959.9181345,0.0,0.0,0.0,0.0,0.0,0.0,0.0
1772467959.9684486,0.0,0.0,0.0,0.0,0.0,0.0,0.0
1772467960.0155044,0.0,0.0,0.0,0.0,0.0,0.0,0.0
1772467960.0681107,0.0,0.0,0.0,0.0,0.0,0.0,0.0
1772467960.119574,0.0,0.0,0.0,0.0,0.0,0.0,0.0
1772467960.1728156,0.0,0.0,0.0,0.0,0.0,0.0,0.0
1772467960.218415,0.0,0.0,0.0,0.0,0.0,0.0,0.0
1772467960.2700503,0.0,0.0,0.0,0.0,0.0,0.0,0.0
1772467960.3117702,0.0,0.0,0.0,0.0,0.0,0.0,0.0
1772467960.3643718,0.0,0.0,0.0,0.0,0.0,0.0,0.0
1772467960.4131606,0.0,0.0,0.0,0.0,0.0,0.0,0.0
1772467960.4677482,0.0,0.0,0.0,0.0,0.0,0.0,0.0
1772467960.5181923,0.0,0.0,0.0,0.0,0.0,0.0,0.0
1772467960.565354,0.0,0.8399999737739563,-0.8399999737739563,0.0,0.0,0.0,0.8399999737739563
